seg_id,time_to_failure
seg_00030f,3.8106139676601933
seg_0012b5,5.329474132648663
seg_00184e,5.986302684698473
seg_003339,8.71023675284503
seg_0042cc,6.507669011676302
seg_004314,1.6420987068219666
seg_004cd2,7.328844114090794
seg_004ee5,4.141091283742497
seg_004f1f,3.347458766760539
seg_00648a,3.352085936823638
seg_006e4a,2.3945031888149706
seg_007a37,3.1488972857197135
seg_00a37e,2.4499793605250018
seg_00be11,1.910453417220205
seg_00c35b,8.151402215510876
seg_00cc91,2.470282701261461
seg_00e5f7,6.190002051066729
seg_00f3b9,1.7960862644084314
seg_010eab,6.975760870413319
seg_0125d9,4.9612885779144005
seg_0144cb,4.821771768592894
seg_0165c6,8.915498720117965
seg_016913,2.0319103964504692
seg_016cdb,3.6083912066583737
seg_017314,7.0969526117489234
seg_01a8dc,4.153426952964519
seg_01c775,8.153176512031449
seg_01ecb0,2.8620331337728926
seg_02042f,2.8768828869733603
seg_025e78,4.153188507891297
seg_032822,2.565029034478205
seg_0339ca,5.23583840680349
seg_037461,2.0500731141254134
seg_038879,8.227409736529214
seg_03d386,1.6335748358093425
seg_03d63e,2.9831003991351746
seg_03d680,8.397351825932969
seg_03f380,2.147314912515496
seg_0445d7,5.639519252534072
seg_046c28,2.532754111915052
seg_0488a1,7.428445845866986
seg_049957,9.180882374285648
seg_04a696,7.960448876951979
seg_04ae38,4.689198856570124
seg_04b87a,8.009049767678942
seg_04cceb,8.017493603312484
seg_04ee93,7.7978546601941305
seg_04fd93,6.396355485582256
seg_0536c9,2.5089275699845417
seg_055127,5.882499056825281
seg_05a1b0,3.7421289186912348
seg_05a4ad,7.235062305988056
seg_05b66a,9.025295388783231
seg_05bef4,2.1054281027084434
seg_05e0d7,4.0205089733411175
seg_05f126,8.543870517496284
seg_05f9d6,7.296005136015287
seg_060ce4,3.094069388864225
seg_061a33,7.272548724749447
seg_0620e6,6.627195786805468
seg_063865,6.452606363218338
seg_065588,3.3583927617298577
seg_06893f,2.5775245111662004
seg_06b8c9,4.543474657261845
seg_06bbc5,4.01076535876248
seg_06d4a2,2.949494285863492
seg_06d7ba,3.5771648851608804
seg_070bb0,1.9409310088705607
seg_071067,2.7399077675281673
seg_073696,8.902508726214933
seg_075340,2.3657209565397492
seg_075f77,2.6354379648573394
seg_0775a7,2.3334336735677823
seg_077b7e,4.733111371006858
seg_079e34,3.886970830730429
seg_07c815,3.1212141672832963
seg_07cd72,5.102454791961113
seg_07f37c,2.5119554818312677
seg_07f8df,2.7075696167588927
seg_07fc6d,7.508055008419568
seg_086a61,8.200411355587116
seg_0870ab,4.435082084155021
seg_0879a8,7.903900956598744
seg_08b136,7.652193940246329
seg_08f441,2.112427245523153
seg_08fd5b,5.0161912377526
seg_091c9d,8.979524143609213
seg_093a0a,7.31224261600853
seg_0968f1,6.897643001157279
seg_0981f3,2.324146258349221
seg_09dd59,7.329637203101766
seg_09ed4e,9.000343480395179
seg_09f0ff,2.4982948965626393
seg_0a0fbb,9.164681731915001
seg_0a1bd0,5.289628102816461
seg_0a42ba,8.87333647317554
seg_0a45a1,1.5875380980240705
seg_0a97c4,3.8330913197323384
seg_0aa0fb,7.527807131620014
seg_0b07c7,5.724200139598355
seg_0b082e,8.570803964005986
seg_0b32f7,3.175271199755363
seg_0b3b94,5.1898614766329745
seg_0b48c4,2.4034495811281706
seg_0b4b24,2.323929539373183
seg_0b54ac,2.265740309634576
seg_0b76f5,9.216411379484304
seg_0b9ad8,8.335197291656893
seg_0b9ba3,8.537928315873149
seg_0ba210,8.974255766532734
seg_0ba585,2.5371322008862665
seg_0bb5fd,4.468789050677044
seg_0bc877,2.5064752979934677
seg_0be6ee,2.7371527856227
seg_0c12cc,7.887716333689672
seg_0c1d3a,3.6270752012019365
seg_0c247b,6.877629999882517
seg_0c3943,4.100353834925002
seg_0c4e31,2.2285926954905215
seg_0c74cf,1.7074925769528186
seg_0c8502,8.881177072047615
seg_0c89ce,6.763207199592083
seg_0c9aa8,9.066799250591538
seg_0cb81b,2.659153562161515
seg_0cca14,3.1727558016944855
seg_0cdcc8,2.4091373822315476
seg_0cf651,1.9772976943877918
seg_0d0250,2.2463772653597545
seg_0d04b9,3.941022083099159
seg_0d13a7,3.7499230787216815
seg_0d434c,9.039217051092502
seg_0d540e,2.7760583311430573
seg_0d663a,8.283544723847518
seg_0d6d68,3.8836943723997464
seg_0d762e,6.352704325110155
seg_0d833c,7.241501344980565
seg_0dae4b,3.1599625140953416
seg_0dc38f,2.204528668590257
seg_0dcc40,6.476436008540996
seg_0df469,2.462488251976257
seg_0df75c,9.361774032050894
seg_0dfe8c,4.370242146580092
seg_0e1370,2.0835275445223544
seg_0e1fbe,2.945551304840217
seg_0e3739,3.517360679602733
seg_0e3d44,3.4856465879683234
seg_0e3ed2,2.163947506667225
seg_0e4833,9.277145711540216
seg_0e7cc5,6.859944739257645
seg_0e8b79,8.942630627485238
seg_0e9987,3.559002090172902
seg_0e9bb3,5.920097852994523
seg_0eb333,2.0924164917776906
seg_0ebfd9,6.32969574416135
seg_0f565c,3.212729213435961
seg_0f74a3,7.154196363128866
seg_0f8961,8.845788743879606
seg_0fc67a,8.969209795354327
seg_0fca83,1.621290499850555
seg_0fd3ff,2.2752828246798082
seg_1010ad,7.4172444108067905
seg_103b32,4.618919005303431
seg_105cd9,1.6647946185997662
seg_1084af,4.902080147793421
seg_10a595,4.7490793613215825
seg_10c09d,8.794117031488112
seg_10f3a6,1.9718811352731442
seg_112b81,6.203127093432315
seg_1144bc,8.949772831908218
seg_114b79,4.658778158350751
seg_115617,3.6911507356018176
seg_115a92,2.30925248702262
seg_11647f,2.2436103538147285
seg_117278,4.380042479780467
seg_117ff4,3.322083958480718
seg_11860f,5.252052081489395
seg_1201e8,3.477449021068737
seg_121446,7.653497477717375
seg_121cba,1.9010580118905533
seg_122ba9,2.8366487797999698
seg_123dd4,8.517148500009144
seg_12ac20,8.95311990340301
seg_12b9ba,6.461650658217994
seg_12ee6e,5.058021890410537
seg_130e17,2.42407469641162
seg_13468a,4.228802214913084
seg_136285,4.505810817356613
seg_136695,8.031769952760692
seg_137f8a,7.780097444642166
seg_138807,4.237899619831157
seg_13c2f0,3.2764199591621668
seg_13e25f,7.366712164091547
seg_140bc5,3.525486710838398
seg_141f34,8.915735443863072
seg_146926,9.082666434415819
seg_148698,7.696127667905218
seg_14ad27,2.183817855472276
seg_14c054,7.607588883079908
seg_14c371,7.956155104820897
seg_14c435,1.850075247273633
seg_14c89d,4.986649307245125
seg_14c8ce,7.287991875946764
seg_14d1d3,4.885103823367636
seg_14f5f0,8.214949097436662
seg_151368,8.24676729636154
seg_151d92,3.321511715528872
seg_153d6a,9.26433671090825
seg_154361,7.691348901433642
seg_1562cb,8.617450368995206
seg_158691,3.5421433735856453
seg_158764,6.846248908201166
seg_15adff,2.255996589831038
seg_15bf25,7.790615178354369
seg_15c9f9,2.0509668820732814
seg_161aeb,7.889400616715358
seg_161f5f,3.6587023950753057
seg_162fc4,7.296409353572929
seg_16566c,5.050959347371118
seg_166f70,9.12125589954596
seg_168d1c,7.695944753081648
seg_16a270,6.768297040425244
seg_16c3a7,2.576435313018896
seg_17067e,4.860667347939786
seg_170684,8.33844866936035
seg_170a0c,8.817958328568038
seg_176542,7.532404803174524
seg_17799c,7.418816839038698
seg_179d90,8.206633257560592
seg_17adc0,4.060017830208333
seg_17d1ff,2.9651671049514743
seg_17e596,7.6781481837670995
seg_180481,5.688440470538126
seg_18096a,6.609872326846751
seg_1815fe,8.68215839948814
seg_1827c5,9.103388231505773
seg_184222,3.3622410227951294
seg_185ad6,8.030691288154793
seg_18d1d0,2.1744460541910446
seg_18d307,1.6405708311435583
seg_18f633,2.2832022292587757
seg_18f853,3.8424209991840015
seg_18fb65,1.8169009270212253
seg_193404,9.181319976137722
seg_19515c,4.9069343720769485
seg_195eda,5.20661981858048
seg_1969c8,8.095760167616932
seg_19b08e,2.082916987879467
seg_19b9dd,6.499615038243964
seg_19e1ff,6.532568509895356
seg_19ec5c,9.127743543941728
seg_1a0e94,8.823280703955307
seg_1a0eca,5.7128273072698
seg_1a671a,3.184056001707964
seg_1a791c,4.246588530562169
seg_1a8e06,2.5483779488793994
seg_1a8f0d,3.7612883972545985
seg_1a8f2c,8.079220639622564
seg_1abcaf,2.8832865133132186
seg_1ac9e2,4.004736949411249
seg_1ae362,8.028247256217327
seg_1afa29,1.9823568185020632
seg_1b08a4,5.12431130015556
seg_1b1ad8,5.34100460708907
seg_1b2298,7.817071589626002
seg_1b78af,3.7290701487708278
seg_1baf33,2.2866822229097994
seg_1bd38e,8.382807241216124
seg_1bf7b3,2.9069692682588624
seg_1c401b,7.660771045936483
seg_1c4c5b,6.098836470292293
seg_1c4e72,3.7434181612254362
seg_1c849d,5.536977885168713
seg_1c904f,2.195940151789757
seg_1c929e,2.9206143252934536
seg_1cb942,9.207028803050928
seg_1cd352,5.365474057490765
seg_1cf1b5,2.0880809952155133
seg_1d044c,4.451390014070414
seg_1d11e5,2.595052066317815
seg_1d596d,3.5948749597107854
seg_1d980f,2.2567794847317844
seg_1da819,2.2458423450665466
seg_1db443,6.250275752312779
seg_1db8e8,8.61938734010472
seg_1dec9c,9.236345694917615
seg_1e0523,2.253575918845463
seg_1e0b82,8.659598737801817
seg_1e572b,8.075485104736341
seg_1e617a,2.200701927349997
seg_1e61d6,1.7543829912864937
seg_1e677e,4.224073585484167
seg_1eae76,4.707404246195104
seg_1ebe6b,2.3083696549562966
seg_1ece48,1.713714460766092
seg_1eeb8f,3.79731409022144
seg_1ef708,3.123214115172785
seg_1f1e60,8.914813152588113
seg_1f3d44,7.156693687287652
seg_1f3ede,2.3272096110289664
seg_1f5240,2.5711997662601065
seg_1f7cf8,2.217052863801279
seg_1f9aed,4.802659136486085
seg_1fa983,3.3726004584422684
seg_1fc7ab,5.779846358108932
seg_1fe311,8.979773614232235
seg_2005a7,4.651593641939369
seg_2018c8,9.20053571645374
seg_204dc6,3.381216355605342
seg_208ba5,2.352942164853722
seg_2099f4,5.504126003546275
seg_20a990,2.898636352220892
seg_20b8d0,5.206207317891869
seg_20cbac,2.230609074048611
seg_20cc25,1.5061959683761537
seg_20d9de,9.112067600981359
seg_20e9ad,3.5604894792919923
seg_210388,5.116095558275522
seg_211299,6.054830748312975
seg_211486,9.010332716129147
seg_214492,2.2550595394202
seg_217eed,2.6278977125154492
seg_218049,2.3649720533704492
seg_21eebb,3.2775491772677667
seg_21faa9,9.238908069317123
seg_222c5f,2.9636888303443367
seg_225320,9.061818847272264
seg_226e60,8.345115417644953
seg_229eda,6.547408871510757
seg_22e509,2.5166298602773125
seg_2313d1,4.1111476838119065
seg_232559,8.195817870175647
seg_23323e,2.6477296524953493
seg_2367fb,7.687198641876762
seg_238242,7.497762975606257
seg_2383c2,6.342216779638511
seg_2396a2,2.80777970061542
seg_23b123,9.28061328830292
seg_23bdf9,5.9727281611384795
seg_23c947,1.8522586977007804
seg_23efb0,4.158484903564999
seg_23f823,4.033678585419926
seg_23fe27,8.010485433099648
seg_241266,2.571800071668613
seg_24157a,6.483428450215388
seg_24458d,4.630384377282306
seg_2465ce,5.794616125819397
seg_247262,4.959935188006258
seg_24ba8d,4.058113327568276
seg_24c078,6.75629926149382
seg_24c1c9,3.021396827658515
seg_24e071,3.2243639809424507
seg_24f338,1.2332401968796662
seg_257b8a,6.667899293916699
seg_2597af,3.868959339636998
seg_259c63,3.6683312175106075
seg_259d65,2.6383261113366014
seg_259dd3,8.65823958495237
seg_25aa9f,8.805384819464233
seg_25ab3f,4.641794885468575
seg_25b38a,7.504266411784551
seg_25c8dc,7.008103971044472
seg_25cca7,8.115199012621744
seg_25e76d,3.3176552142672877
seg_26049e,8.437700734968592
seg_263deb,1.9401963517054497
seg_263fb3,1.896539209630322
seg_2642d0,3.8362565984929944
seg_2642d4,5.878061532100874
seg_264c7d,8.043111661587586
seg_266805,3.632188172234193
seg_266c6e,4.5948258173319925
seg_266d4e,5.087566690664028
seg_268249,6.346432655936567
seg_268625,2.8902108712585095
seg_268956,2.9331198891856687
seg_26a2a0,0.58982006745237
seg_26cba3,2.6642511289171846
seg_26edaa,8.667365081772598
seg_2700bd,3.6760641494006143
seg_272a47,1.5593168319895243
seg_274a1a,5.894235221330783
seg_2774c4,9.292668940508523
seg_279725,9.262980881827236
seg_27a282,4.063396288218144
seg_27b7c8,7.321872988800682
seg_27db4d,7.830638534620148
seg_27de37,6.8815523331788055
seg_27f532,8.860094512678312
seg_27ff17,4.022836995733297
seg_280863,2.061992937450183
seg_280e3b,4.0904223564325495
seg_284223,6.3085615141829345
seg_284923,9.032368618171931
seg_287e60,2.8379146049227693
seg_287fef,2.971087688697518
seg_288001,3.1984306893799506
seg_2883ec,8.048158473666948
seg_289d99,2.1098125091419804
seg_28fc32,6.70062289486052
seg_29022f,3.899419202401856
seg_2916e3,8.561051620169795
seg_293dbf,2.19235184663203
seg_293dc2,2.165275121562009
seg_29475f,3.746456580051723
seg_295b1c,8.82664140306705
seg_2977cd,4.172219994394866
seg_29a073,3.8910069340216964
seg_29acb7,3.0224675722980257
seg_29c772,5.691759089813116
seg_29c906,3.570640866372032
seg_29d497,5.99442993569277
seg_29d4c6,9.034617133178779
seg_29e799,5.5228618369277
seg_2a0ace,9.186230910532933
seg_2a0afc,5.623772479273614
seg_2a0dc0,8.133031378825624
seg_2a2f1e,5.0911570655834115
seg_2a4551,7.439170836149901
seg_2a6343,7.437236170955555
seg_2a8351,1.876129409668873
seg_2aa101,3.2185755830636564
seg_2abd33,4.837431773369991
seg_2b2cb3,6.496230810742603
seg_2b372b,3.555832687366705
seg_2b4959,4.966466584019803
seg_2b6d52,8.596498890335942
seg_2ba79a,2.8755955266133086
seg_2bcbde,9.068659150834282
seg_2be983,9.084179256660654
seg_2bf5be,8.89525478796061
seg_2bf9dd,7.82819066360454
seg_2c3203,2.078872917481157
seg_2c5e9f,6.611504099286289
seg_2c6011,4.2261079623653455
seg_2c69e4,8.264937506874789
seg_2c762c,6.137363238491462
seg_2cac57,8.991803249180908
seg_2cadc0,7.057313454840714
seg_2cdbe3,1.4949043131899054
seg_2d3828,5.287464507574137
seg_2d402d,2.4539360851992833
seg_2d427f,1.5987629053796995
seg_2d5544,3.3911857733834223
seg_2d7cc4,2.12668508449657
seg_2d92f0,9.12060370278894
seg_2db7dc,4.815346801469854
seg_2dc6ff,1.7836565923216312
seg_2dccec,4.001435853993061
seg_2dcd3a,4.017340350533627
seg_2dcd84,7.6507987146984275
seg_2dfb91,2.053385607525297
seg_2e2372,7.07836780148218
seg_2e50fb,2.1793901867119
seg_2e64af,3.3847966023293616
seg_2e71dd,2.256034593591939
seg_2e88dd,7.005486952728097
seg_2e917f,4.2885850908270156
seg_2e9a47,7.098273846352875
seg_2ea616,4.042333149049039
seg_2eccb9,2.2807985738255008
seg_2ece02,3.4749797039820876
seg_2ed79b,4.439038098089819
seg_2eddf6,8.730001282361421
seg_2ee95c,9.032239029158637
seg_2efd5c,8.44033472117613
seg_2f1664,7.480250776973925
seg_2f4f14,3.55462768431302
seg_2f5695,2.726957366028617
seg_2f60db,8.097353900878066
seg_2f86cd,0.901371957492722
seg_2f8e19,7.627337344958735
seg_2f8f6d,8.513554232964555
seg_2f9336,5.733041650341014
seg_2f9581,3.2827443133040766
seg_2fb672,7.863836929957235
seg_2fe382,3.4635964594966566
seg_301c1e,7.132998440608628
seg_30207d,9.222393197401885
seg_304581,4.153104352441114
seg_304b87,4.004880364795274
seg_304df5,8.609746028963125
seg_30501b,8.901834025683703
seg_3065ba,4.349442976228415
seg_30661b,2.745177068859039
seg_306756,7.836692544745039
seg_30ad2a,2.0691420378553333
seg_30b043,3.1047169715618472
seg_30da11,2.2057008444368136
seg_30fd84,8.960373331733582
seg_310230,4.080399112812962
seg_31064b,2.645317805949799
seg_311499,2.8412706810422046
seg_311b5e,2.434703647180931
seg_3128e6,2.580932290739246
seg_3151ff,4.124800724626758
seg_31631c,6.575739379343315
seg_316f86,4.286114723769636
seg_318135,1.9978982113147468
seg_31a51f,2.1355815633174857
seg_31a6cd,2.773729947171625
seg_31b808,6.3603306399432835
seg_31c0f4,9.21724934833735
seg_31d763,5.276461506101251
seg_31d7bf,2.5784407811042924
seg_31d810,7.827787015960562
seg_31ddc5,7.784001366154376
seg_3234ca,3.3076842821860026
seg_324447,6.504417881096083
seg_324537,3.9943148481174546
seg_325790,3.3634327795777907
seg_326eb7,3.7065906993337676
seg_327ed4,2.195123268691508
seg_32906d,1.791274446009774
seg_32ad0f,9.028539222929329
seg_32c904,9.052460692667617
seg_32d747,3.8605521640669296
seg_32e763,2.2853893759762074
seg_32f3a9,4.6667875716394045
seg_32f6df,4.987507693627812
seg_32f72d,5.210572165814203
seg_32fc4e,9.24593118081012
seg_330579,3.645665036725005
seg_3319b5,8.137556327671096
seg_331f2b,9.097946467268395
seg_3340b9,4.5096300120416535
seg_335170,2.555902134160781
seg_337b8c,2.6399330140175308
seg_339f80,5.810246452707626
seg_33c30d,1.9974373817393278
seg_342ce6,8.536940500817007
seg_343571,8.195300235948652
seg_3452b2,2.70347333487704
seg_34a2b8,5.304702146535332
seg_34a8f7,8.976468869672313
seg_34abd2,2.1821184293961573
seg_34ef79,4.414161372815682
seg_3506d6,2.2475629479449415
seg_35269b,8.917029464520969
seg_355717,2.993996734343529
seg_355d19,8.718481725335034
seg_35a2d7,9.15169358910093
seg_35b009,2.951029560938926
seg_35b753,4.315602216316378
seg_35ba8f,8.667985790657978
seg_35c587,2.712778018946694
seg_35dd45,8.050030460090595
seg_35ee83,3.439545467800064
seg_36147d,2.7114251222216312
seg_361f5a,8.81629913931597
seg_3631ec,3.005442672110937
seg_3661de,8.790821225713307
seg_369570,4.397376010135173
seg_36b77f,8.959879946239864
seg_36e32d,9.20038565570484
seg_3706be,7.626893291757014
seg_373a04,6.5566369450997986
seg_373ba6,3.35484073053179
seg_37608b,4.9014908526044305
seg_3761d0,1.7611845104456034
seg_37669c,2.6752021695625623
seg_376908,1.4169863904855127
seg_377134,3.9489797912115483
seg_3788c5,8.621127785866959
seg_37bf85,2.868779583913711
seg_37f3fb,2.401219986896597
seg_38001b,2.335840461965379
seg_383b6b,3.6618977001815596
seg_383f2e,7.590222467777378
seg_3865bc,3.5066124651807073
seg_3878d0,2.0474147781576635
seg_389906,7.628897864629188
seg_38ad16,9.18966246035296
seg_38ee24,5.508707133645103
seg_392019,5.501112690754988
seg_39300d,3.007733691287551
seg_395e0e,8.315294942338525
seg_397983,6.634582150642883
seg_397dc9,7.933851687154283
seg_398a25,5.225585970940169
seg_39a886,5.420295066236104
seg_39ad50,1.006270622270366
seg_3a1600,2.7548602301795526
seg_3a22ac,3.7535513714939284
seg_3a80c5,5.425842663442586
seg_3a8a76,2.3994408385856962
seg_3aca44,1.7658379896635314
seg_3adb1a,3.861781229675762
seg_3ae4d9,2.5044864843689134
seg_3af649,4.307689083615649
seg_3b2013,2.4909996961019916
seg_3b30fd,8.594465893754496
seg_3b4414,3.362236806551633
seg_3b7175,3.312173514409518
seg_3b7724,8.96448176649939
seg_3b95d2,9.206308613485135
seg_3b95dc,2.776642377959844
seg_3ba485,9.007258185969103
seg_3bb90a,3.301936767760599
seg_3bc9ed,5.395130497441379
seg_3bd97e,8.872478197110217
seg_3bf9ac,1.900920320337915
seg_3bfcf6,4.72899226190636
seg_3c3ddf,3.567451466315106
seg_3c4106,3.624609642217542
seg_3c64fb,6.649576659496314
seg_3c8545,2.154482213337249
seg_3cba49,7.204330775312468
seg_3cbccf,2.6783270464857245
seg_3ce740,8.810052019704468
seg_3cfb73,8.281478725065137
seg_3d059a,2.8230049706610054
seg_3d06cc,5.504190646933627
seg_3d19fc,3.5734824683578226
seg_3d1cb3,5.2584946547061575
seg_3d1f2e,4.8723027961372605
seg_3d581c,1.7523722093906156
seg_3d6aac,7.2871529681986145
seg_3d6e79,6.2471387344274785
seg_3d9aa0,4.743273828358515
seg_3db0a8,2.76778153205444
seg_3e00cd,8.963660885848743
seg_3e55d5,2.9140107958233346
seg_3e87b4,2.059746553178028
seg_3ec967,3.6532618543259
seg_3edf51,2.5066505426164647
seg_3f2086,8.907347569635956
seg_3f3689,3.39752360597783
seg_3f3983,6.452741058048159
seg_3f5be6,3.5420850810977256
seg_3f80ef,4.573048199719805
seg_3f99c8,2.284172370091201
seg_3fb24b,4.849597743361537
seg_3fc7ca,8.822742486945781
seg_3fdae0,6.571569660179523
seg_407b2b,6.008217145071211
seg_40b3aa,1.9891047273839177
seg_40f810,3.7765753668088613
seg_411225,2.205217885839158
seg_414d0f,5.602212988837065
seg_4185b3,4.6979246092208315
seg_419531,7.459282958717338
seg_419b2a,8.668034604716366
seg_41a267,8.533432250672686
seg_41aadc,5.159454442431569
seg_41ab7e,7.304207121160386
seg_41be18,8.098493179995826
seg_41be7d,5.98069567388903
seg_41f45e,7.290209407058866
seg_420bcc,5.192383099233552
seg_420d4e,6.761084930342493
seg_421a96,5.7323127141852686
seg_421da1,8.277677435832494
seg_423ebe,3.6990912632687007
seg_425462,2.904876785556028
seg_42648c,3.308044772941743
seg_4280d9,9.216920190120087
seg_428d66,3.2217760215299642
seg_42c4c9,2.857319502658957
seg_42e7e8,4.31106700140031
seg_42ff14,7.816902351444374
seg_430e66,6.629007349279209
seg_43383f,4.447436577667809
seg_434c96,2.215732478681855
seg_43597f,2.494076225547704
seg_43c6f4,7.707964149177985
seg_440106,8.617592007324447
seg_4401d8,6.817625735253341
seg_441c6d,8.744713601308924
seg_4435bd,3.6179663379201243
seg_447972,2.806184066266712
seg_447b8b,8.603793809794245
seg_447cb3,9.083835291474509
seg_44d3ca,3.0557540965408467
seg_455b16,3.824037979240539
seg_456149,8.624755538910367
seg_457234,8.943523046408677
seg_45838b,6.1676886075019155
seg_4587bb,7.740846479309186
seg_45a8a9,3.7602359044990172
seg_45b051,1.7293289682630977
seg_45e062,9.23205264227484
seg_45e4ed,2.5361405968156863
seg_45e7ad,2.633415980580497
seg_46012e,8.42819081065396
seg_460436,8.60147729167068
seg_461ab5,2.433588647041404
seg_461b63,3.214002394842924
seg_462c1d,6.972579621613593
seg_464839,5.755329673089133
seg_468bc9,9.086519451489874
seg_468fdb,4.694971578571338
seg_46a42b,2.543573637028113
seg_46b84d,7.052938073172051
seg_46c6d3,8.473743885493876
seg_46dd7c,2.119406343502581
seg_4729a7,3.50962021201052
seg_4743ab,8.082514376212206
seg_4743fa,9.394110680709636
seg_476700,3.1377800139645284
seg_476bdb,2.402940631207407
seg_477c83,4.70343245735464
seg_478327,5.795839339582939
seg_47a48f,8.46826847557937
seg_47d374,3.246112046433322
seg_47fed6,7.429977266804646
seg_482745,3.2919954821527164
seg_4848e3,4.348186191966093
seg_484901,2.7039709936691536
seg_486973,3.9027068290984728
seg_48a4b3,7.918513171039133
seg_48a80c,2.318244524616753
seg_48b545,7.9783592673458
seg_48feba,3.0532159768319778
seg_490092,8.634398709249188
seg_490d6e,6.295279552367407
seg_492dc6,2.697122031459809
seg_49322d,7.390638039709937
seg_49336f,2.5628270530973962
seg_495573,9.19114887409685
seg_496d07,4.0863595571182145
seg_496dad,1.886266633085898
seg_49b0cb,9.095296914409973
seg_49d84b,6.539787740086835
seg_49fdf0,8.021175941539301
seg_4a2525,8.748878412212097
seg_4a6096,1.75565854543011
seg_4a719c,4.381324936049239
seg_4a91a9,2.0896486370337333
seg_4a9e6b,7.60510657883229
seg_4a9e8d,7.829010424516781
seg_4ab7bf,9.052316279341017
seg_4abc29,2.2433128993338607
seg_4acc4b,3.2093703681870935
seg_4ad5a2,7.020239526751067
seg_4ad674,3.467864700374965
seg_4adeda,8.630012261817395
seg_4ae37c,7.87198792988809
seg_4ae712,9.09888892335795
seg_4b0839,2.5387348198936173
seg_4b4c91,8.121621686924286
seg_4b4ffb,1.835900155878818
seg_4b8044,3.8434427387380445
seg_4b953a,2.0205393880064526
seg_4ba3d1,8.127734603720079
seg_4c067a,4.670090111753747
seg_4c12b2,1.7645378682475
seg_4c18e2,2.35022778083706
seg_4c3a2b,8.06697654091746
seg_4c4995,6.071366582913094
seg_4c65e6,8.70475344787319
seg_4c8db6,8.431781995908405
seg_4ca6de,6.581662710011561
seg_4cb0d7,4.56394593483296
seg_4cb9c6,2.7314830955883713
seg_4ce234,6.181699038130479
seg_4d0008,3.7572964643856417
seg_4d0041,7.581352813862116
seg_4d0c45,7.115168508997232
seg_4d18f4,1.9715083081578921
seg_4d2671,5.749585097413908
seg_4d53c2,9.249133000542203
seg_4d5a4a,1.9599156653846745
seg_4d7c56,3.1612947517044745
seg_4d8f0f,3.613861064697621
seg_4db886,8.55244044400057
seg_4db997,2.597312373716771
seg_4dbbd1,7.6891823630140745
seg_4ddddc,6.953120335855637
seg_4dfa03,2.549117477326696
seg_4e0c4a,8.892553410810638
seg_4e2c66,1.7201115740345692
seg_4e3bd7,2.0325259688116892
seg_4e627b,3.111613727363545
seg_4e9646,7.083720597034822
seg_4ea3fa,6.5323384046846815
seg_4ea81c,2.517164306241315
seg_4eb127,2.1009708102139606
seg_4eeaef,2.5644819985521785
seg_4eef28,8.54112412424884
seg_4f48b4,1.8354891041230499
seg_4f5931,8.909496091596377
seg_4f76a2,3.172068368743247
seg_4f83a3,8.489457407427132
seg_4fa87d,8.272798145905202
seg_4fce5b,2.960140146356319
seg_4fd191,2.184926422492709
seg_500108,3.304928374333339
seg_5009d9,2.2503268501000298
seg_500c80,6.896994462505416
seg_502fab,8.188208809296178
seg_507065,5.006629704736715
seg_5090fa,7.003626655786414
seg_509d55,2.999438375976444
seg_50a667,2.295433547692128
seg_50b048,5.772754946908937
seg_50e270,8.041535712018357
seg_511d25,8.00211614383072
seg_512b3e,8.327296482037742
seg_514543,4.190959593183487
seg_5147e1,3.3539328149269054
seg_514b85,9.119974097263569
seg_5165a4,7.003493290776395
seg_517345,6.2665265398412835
seg_517425,2.773245181210523
seg_51865e,3.9091425662159067
seg_518b1e,1.830390463225919
seg_51b68c,9.14525020213732
seg_51f0a2,3.571656213220892
seg_51f6fd,5.741764258269004
seg_521a88,7.818380737820755
seg_523945,3.586143350906532
seg_524b39,5.864046062885753
seg_5254ce,8.899544533379647
seg_5255c0,7.533531975211299
seg_52636c,2.8921098483700662
seg_529be4,4.640039846257189
seg_529c99,3.6772261727204105
seg_52c139,9.201312335334247
seg_530a02,8.865557362621626
seg_53103b,2.604230668688497
seg_5311d1,1.3986571238796324
seg_533613,8.654969489565733
seg_53498a,3.771153087162839
seg_53a557,3.621514169874218
seg_53a5fd,5.735494903109712
seg_53bdf5,8.376208206444213
seg_53caf1,7.676273436346325
seg_53d818,3.261719638036774
seg_53e645,5.4707224905624585
seg_53fa13,2.9330155576770767
seg_5407b0,2.036430834481333
seg_5445bc,3.257725943491901
seg_54490e,8.001773271947133
seg_545fda,8.452654841254896
seg_5467c8,7.111186613232701
seg_546864,9.197823655748316
seg_5470ca,3.8931347152740763
seg_5495ca,1.4254903732425575
seg_54af0d,1.1672498281183743
seg_54b0ee,7.705391890895418
seg_54d0f3,2.527631729535545
seg_55239a,2.9937155451754345
seg_552b8e,9.175961562031631
seg_5559d9,2.0476496872098062
seg_555f63,2.817969349402854
seg_5597ed,2.6103963625174518
seg_55a0c3,5.446915399220294
seg_55a9a4,6.604115830903081
seg_55b566,2.215265950269141
seg_55d50b,3.504008381706252
seg_561cf4,1.5260078415914822
seg_563059,7.73884636291407
seg_5639b3,5.614834927972535
seg_566efe,8.76747239605255
seg_56e3e7,9.20431354301291
seg_56e6f1,3.912336740401245
seg_56ebc7,3.301152600370549
seg_570a20,4.344335900565154
seg_570d69,8.867453143410271
seg_572172,6.243764107945334
seg_5759c9,6.3561266867975865
seg_5765b6,7.442056402745138
seg_578e84,8.642919971340817
seg_57908c,2.9585309388452963
seg_57b6c0,4.148352673083535
seg_57dd68,9.02082604215815
seg_57ea44,2.383061171833205
seg_580b65,7.017800656036236
seg_581fac,1.7396360108604547
seg_585872,8.050002916221933
seg_586726,3.0613095297043555
seg_586c0f,3.4993179221970316
seg_5887a8,8.501820755212597
seg_588f61,3.148630463910287
seg_58d52d,8.582849413531452
seg_58e74b,2.170877135209544
seg_58e9f9,8.989684219317374
seg_58ea74,8.822173430266188
seg_59058a,2.382495489382066
seg_590fa5,5.951788557658556
seg_591954,8.836007100631267
seg_5924f5,4.550313393853616
seg_592807,7.659275185688108
seg_593c34,3.532080621471374
seg_5965d8,3.4459119790622674
seg_596ae3,6.839225399327025
seg_5975f4,3.469698876630158
seg_597bd6,7.296679536169464
seg_59818b,6.5057769057858765
seg_59cd7d,2.8485973803902245
seg_59cfdb,9.08532301855686
seg_59d484,4.928350375569353
seg_59de0b,2.054582279347353
seg_59e1db,7.050292057634449
seg_59eb97,5.34507893487808
seg_5a0479,6.0762699273675285
seg_5a1adb,4.204863890339762
seg_5a242e,6.928422555359701
seg_5a67b5,7.724937558780302
seg_5a947e,3.1952637343867067
seg_5abfdd,3.4977067889584488
seg_5ad847,3.1492060211324815
seg_5b392b,2.3168922820067372
seg_5b7325,3.194315370336959
seg_5b8c39,2.8719036763827646
seg_5bc0b0,7.4547487799805605
seg_5bd9ae,3.5543893828167654
seg_5bdb47,3.1138145624353735
seg_5bfbf0,3.5957093527812525
seg_5c0929,3.0902813172938544
seg_5c1a4d,3.4061515049319255
seg_5c530f,2.72952177055864
seg_5c57a8,2.0539491773264493
seg_5c8ae5,4.940792098453561
seg_5c9077,7.352256601138558
seg_5cd98b,1.72072433770482
seg_5cde88,2.2492509267147907
seg_5cfba9,8.26708877848543
seg_5cfdc4,4.919136448462039
seg_5d333e,8.779106138010356
seg_5d45db,6.531665054184049
seg_5d92af,7.019282053756447
seg_5d94b2,3.635278314068251
seg_5e020f,3.967238469667346
seg_5e0902,2.9028240548047135
seg_5e1bba,4.762738918888443
seg_5e541f,2.2209855013089155
seg_5e635a,2.4550229833425785
seg_5e668a,8.911380761879423
seg_5e70a7,8.375644970090573
seg_5e7abf,2.600585801335591
seg_5e8ef4,7.585674139567577
seg_5eb380,3.2138533869571817
seg_5ec0e3,8.03880153844982
seg_5ed47e,8.600817127496766
seg_5ef47e,6.1163903162917235
seg_5f0a92,4.370513057979382
seg_5f24d3,8.328528238636597
seg_5f352e,3.100692867700587
seg_5f355e,7.229385515605605
seg_5f46a5,8.655300555365198
seg_5f7fd9,4.772402257042332
seg_5fe414,2.720932468267742
seg_60277f,3.9600579764607566
seg_6074f9,4.254420791395179
seg_607559,7.318699131688824
seg_60ab20,9.162411383623262
seg_60b696,4.7399399102419455
seg_60dacd,9.111347453893199
seg_60df2a,6.184096615159629
seg_610379,3.8047573559096235
seg_61219c,3.133129033122839
seg_613702,4.120612860880286
seg_614b50,1.887991671526994
seg_6153ca,8.947513841739895
seg_6167f0,5.137749373634904
seg_616c8b,9.055014962804552
seg_61b50d,2.951134413028897
seg_61f504,2.797507488207768
seg_620ee4,4.438512571994151
seg_622e9d,2.659322834205951
seg_62331a,3.281582343351127
seg_6262c4,7.526410148293896
seg_629822,3.3172965409696715
seg_62a403,9.127043764917001
seg_62c582,3.240849112286751
seg_63130f,9.224730449961111
seg_633651,4.885453056911436
seg_634180,3.2885118891305565
seg_634f05,2.72700125661491
seg_635770,8.439683069617336
seg_63582a,9.174436341373001
seg_63c13d,4.099761041380282
seg_63c518,2.3691748069040846
seg_63c8e4,9.064419770797496
seg_63c983,1.9699726590007103
seg_63c9a3,5.777977276897897
seg_63d651,2.4164517050941505
seg_6422d1,7.037386779869249
seg_643d1f,5.90314913286557
seg_643f86,8.366433416027695
seg_64bcb9,8.933368710190111
seg_64be5d,8.987052340119988
seg_64be91,8.961918088567803
seg_64daae,2.139230776904768
seg_64dcf0,6.431100705660816
seg_64f8dc,4.284746289140014
seg_650de2,2.1000039739401837
seg_651808,1.9841851152760206
seg_652cc2,4.030631336998267
seg_655780,1.8057342326900703
seg_655ad6,7.720288258650103
seg_655cae,3.3973026578785523
seg_658bf4,2.1154925309329706
seg_659ff8,3.6772935468861276
seg_65b962,3.194558838467998
seg_65c4e1,7.583369399810804
seg_65ef95,3.512180325078302
seg_65f01e,8.917736620020497
seg_65fbac,7.930761458476217
seg_660fe1,2.025164624945753
seg_660fef,6.370229701654108
seg_661629,3.8421692556139364
seg_666056,2.165468661064695
seg_6681ee,1.7091358472123583
seg_66820a,3.729677946027479
seg_6696d0,2.3910290388908875
seg_66b7c3,7.574882153638225
seg_66e45a,5.223470865163439
seg_66ed4d,2.154880638201601
seg_670bde,2.0806233520121484
seg_67330f,5.070291351860312
seg_673c60,2.657402824181039
seg_67599b,5.81739970276369
seg_679dd2,7.939665385661077
seg_67aa76,4.388314380947497
seg_68102c,9.161129566980168
seg_683ddf,3.019991041812489
seg_686edc,6.653872764951882
seg_687a5c,1.8450386857191723
seg_68a484,8.826909736095715
seg_68da94,3.824195507155296
seg_691a72,6.217734512873729
seg_692e7a,8.261096044920635
seg_6951e0,2.416688492924938
seg_695380,2.6471881480953896
seg_696621,4.05180706699587
seg_6968c8,4.093759148597808
seg_69787a,6.62285202005273
seg_69a230,3.6717919037224
seg_69a53e,6.576199070768074
seg_69dbad,6.686433112702001
seg_6a05e7,3.3448065908148465
seg_6a116b,5.307699009035536
seg_6a26de,2.0392210777862423
seg_6a45a0,2.388813370317526
seg_6a4ad1,8.735121070735705
seg_6ab188,6.752058539323597
seg_6ac67a,2.767974394383864
seg_6ac82a,3.906526383123675
seg_6ae32d,2.4342546968791474
seg_6b0107,6.579024589934528
seg_6b2ce0,5.836421218884391
seg_6b3a9d,3.390383984666294
seg_6b4e04,9.016579468017486
seg_6b536d,4.546398719501295
seg_6b9511,7.109652660386464
seg_6b9d02,3.49895062918027
seg_6be48e,2.5312968300996888
seg_6c292b,5.747470962433356
seg_6c309f,3.159810914843782
seg_6c34c2,2.4537466226412645
seg_6c8a45,4.425854494521575
seg_6c909f,2.515326110279209
seg_6cfb76,4.3196212911908
seg_6d01a3,8.171879148319935
seg_6d35cd,2.44962587657332
seg_6d36a1,9.221254225760136
seg_6d4109,7.996792735244766
seg_6d4fa6,3.9403938851368636
seg_6d6fad,2.371150584991183
seg_6da1ff,6.0698976012816095
seg_6dac5d,8.948151587435245
seg_6dd0fc,3.010696732261855
seg_6de4fd,8.819406117446654
seg_6de935,9.262174429996449
seg_6df48e,7.987522432279188
seg_6dfab7,3.2180737786581965
seg_6e12ae,4.605378983912263
seg_6e12ee,2.6298042512166946
seg_6e1ee7,7.901348734370243
seg_6e572a,2.358295960773495
seg_6e5a38,1.6971802701490675
seg_6e7f73,8.937622922667114
seg_6e98aa,2.8438281965904872
seg_6eb146,9.184823438437665
seg_6ed49a,8.290586970901687
seg_6edcb8,5.300867433482663
seg_6eedcc,8.153486153431666
seg_6f17de,1.2613826857885289
seg_6f2222,2.7559257974280946
seg_6f3d90,6.065394815908329
seg_6f60b2,2.850478847916006
seg_6f650f,9.099074241902647
seg_6f9a98,6.4376235478169646
seg_6fb17f,5.637042100333563
seg_6fc3ef,8.35364013507446
seg_6fc8b3,6.578595557504164
seg_6fd5bb,7.499171659901927
seg_7012af,9.028500896098304
seg_7020c5,7.526852464177902
seg_702e03,2.192196156754164
seg_703cea,7.988726969723169
seg_705463,2.963840597369787
seg_708349,8.756161036578032
seg_70991d,3.923570758144044
seg_709b6a,8.661780510097582
seg_709d08,5.803337694640112
seg_70a60e,5.082061090458929
seg_70b375,6.973812648500555
seg_70be4d,8.858802333410868
seg_70e891,3.736829780699805
seg_70edf5,7.034171468073325
seg_70fb30,8.994237843156366
seg_7120ac,4.9994175717975775
seg_71238c,9.12908537134588
seg_71348a,1.4777982972614372
seg_715e2c,6.775155239130333
seg_715ff6,8.523310141166196
seg_7189ca,7.33183170841671
seg_718b53,1.9933174055188387
seg_71936f,4.296906823123964
seg_71b4e0,3.962172743351939
seg_71b975,3.428472816423729
seg_71c9e9,2.506830628715741
seg_71f571,3.8837742000620876
seg_7211f1,6.882304242927878
seg_724df9,0.40978008363542306
seg_725772,8.385223418428527
seg_725e84,2.696328179870373
seg_727fc7,3.179403712734913
seg_72858d,2.3483003403164817
seg_72859b,2.985011615694418
seg_72aba8,5.056973509615622
seg_72b68c,8.500765842897135
seg_72c307,6.635826947947635
seg_72ebda,6.171777427590065
seg_72f40a,7.614243877747794
seg_730ebe,2.331978233459759
seg_734a88,8.609981334823456
seg_73565e,3.7073818063619868
seg_735cdd,3.243849111617206
seg_73858d,9.11424573710541
seg_738be6,2.6869053073107674
seg_739643,7.410320637898678
seg_739679,2.066410897728889
seg_739856,9.050659495275683
seg_739fb0,2.663873032549456
seg_73ab4a,1.8916675555146405
seg_73b0f7,7.4441541192868055
seg_740837,2.6917684674349798
seg_741fc1,7.572683524177963
seg_74235f,4.916265264685707
seg_7428e7,6.747729773720563
seg_743775,7.070054409297538
seg_74537f,5.8178004020350595
seg_746d1d,3.3469428746300194
seg_7480f4,8.595544140377918
seg_74b264,2.115953498837247
seg_74b3bd,6.427960672184869
seg_74ce61,8.632464518625842
seg_74d58a,8.485964599591323
seg_74d8cc,5.000216072355157
seg_74dda9,7.166634800918985
seg_74f330,2.2551944340101873
seg_74fcfc,8.928504776762361
seg_74ffde,5.777920907720636
seg_750244,6.784447328908749
seg_750c93,1.9087875280503286
seg_750d20,6.092542406822366
seg_750e7e,7.979082851308533
seg_75211e,5.7745548306083645
seg_753190,8.448088879123876
seg_753ba6,1.639695215840461
seg_7540f3,5.445620955381576
seg_75438e,5.931010746166196
seg_755d50,2.8556506830977026
seg_75654d,3.3883237279420926
seg_758374,1.8786048703846874
seg_758ca4,2.8352109300636634
seg_759fb1,5.834546974975304
seg_75a878,4.294256935106483
seg_75c34b,3.296936909549383
seg_75cd6a,3.3044608758457925
seg_75dc3e,3.622979536728655
seg_75e669,1.7077152943886145
seg_75e93c,2.2965082853023566
seg_75eb90,7.570698645083025
seg_75ffc9,5.921931370450354
seg_760d70,3.049586488421025
seg_76106f,9.300623306982802
seg_762188,9.039705705711109
seg_762be4,4.305309202063247
seg_7630c5,9.265062280437084
seg_766e42,2.1752062840214395
seg_76b76f,9.211718371414765
seg_76c2fa,3.975136382655175
seg_76d16c,6.27705652978254
seg_76e914,3.7573884949350727
seg_76f1af,2.2077436069882888
seg_76f3f2,7.694426207971842
seg_76f76d,5.540273467119358
seg_774ad2,2.631221193356457
seg_77bf79,2.7672159222747545
seg_77c546,2.262303962345894
seg_77db7b,8.782353789237298
seg_77dbe7,4.211715983240984
seg_77df38,7.3926307590793865
seg_77e7bf,3.23775052943873
seg_77ea14,3.3376633283822628
seg_77f9e3,2.4406241568673104
seg_77fe77,5.926171896410707
seg_7848f8,0.670215362640889
seg_7862ed,3.138938517842463
seg_786ff6,6.468998106833692
seg_78852d,5.2562134230628
seg_78addc,8.090721453935553
seg_78d817,4.1494003581191174
seg_78db0a,8.780477744774652
seg_78ded2,2.0646430232841633
seg_78fc4b,7.6117606942034595
seg_790108,6.929041554853728
seg_7949da,1.7660244704794477
seg_79c47a,2.5648551456496738
seg_79dc90,7.347228027133857
seg_79e301,2.2060002672062096
seg_7a09ec,5.910144070641574
seg_7a521c,2.570710139468937
seg_7a5243,4.572391142103454
seg_7a9228,2.2199611090421114
seg_7a9f2b,0.6527683735081947
seg_7aeca4,7.332877372464425
seg_7b0936,9.05768906224581
seg_7b2994,3.422357534577982
seg_7b3017,8.979713999515905
seg_7b5f90,6.690359827932572
seg_7bb771,4.088761183891198
seg_7bec10,9.065656471245017
seg_7bf143,2.7776575388244202
seg_7c0376,2.201501000351401
seg_7c10c1,3.677659916152739
seg_7c2beb,7.904758563496509
seg_7c2c48,1.9470584066861563
seg_7c6c31,8.096927400705324
seg_7c88d1,2.4155722929208023
seg_7c9433,4.575266270104972
seg_7cb417,3.263026657983617
seg_7cbb45,4.212483841376354
seg_7cd6b1,3.3850006025581187
seg_7cdfe5,2.44951854891829
seg_7ce9cb,4.780144549390959
seg_7cef95,6.45894094493268
seg_7d17eb,8.740120656946218
seg_7d2535,2.215516070972325
seg_7d2e57,6.773940907962429
seg_7d65c7,8.93404331657148
seg_7d718e,9.250627030215323
seg_7d88e3,8.738572022896712
seg_7d994f,2.361429044709457
seg_7ddc30,8.83380132887188
seg_7df3dd,5.627684858087922
seg_7e3b3e,2.4135827196622985
seg_7e9eb7,9.304305979664978
seg_7eb108,9.45158759858177
seg_7ebdc3,2.194972347723829
seg_7ed2dd,3.775518916468056
seg_7ef97b,1.923151450900059
seg_7efdd5,7.414960495168207
seg_7f3ab0,4.058761251231254
seg_7f5b6f,9.223825844188974
seg_7f786b,3.7084653995460997
seg_7f93b2,2.6402407648451556
seg_7f9b3a,5.117988257050399
seg_7fa6ec,0.47508466891969886
seg_7fac26,8.915007500885057
seg_7fd3a3,2.248872389021467
seg_7fd6b7,8.629738557180897
seg_80211c,8.722122267698563
seg_804fb5,6.8690789903106735
seg_80622d,7.74049174611569
seg_807901,3.2397402848684655
seg_80b9b4,6.8512512817731945
seg_80fb86,5.692707599808761
seg_812962,3.5805960364931915
seg_812a50,5.297587566416842
seg_813aab,2.1772748380024995
seg_814b1f,2.1545339179747374
seg_816b7a,2.6074774652850077
seg_818382,5.194953203281544
seg_81a8ea,8.90422039315056
seg_81bebd,8.179144579722827
seg_81c1a6,8.812256756614458
seg_81c432,3.856477131347223
seg_81f798,2.1224288004554692
seg_8200d2,2.1060807393485965
seg_82303e,3.399845116644569
seg_82316b,3.236890656020484
seg_8244bf,4.161739032029974
seg_82456a,1.89205784674265
seg_826208,5.5185911292598995
seg_827804,2.4566444500662477
seg_827a21,2.4964774155772784
seg_827c07,3.1017335269658437
seg_82c138,6.719008319834434
seg_82ce27,2.930802793061624
seg_82d7b6,3.3040330576325743
seg_830cff,3.812436932016108
seg_8310ea,7.918887216631243
seg_8324a4,7.081249097550726
seg_8328f5,4.507133653805475
seg_832a4d,2.4176798712095113
seg_8344ee,3.182312316641993
seg_8353f5,8.784823201661839
seg_836aac,3.738759391067918
seg_836ef0,2.3122591701532484
seg_83bef8,4.127855819832741
seg_83cb2c,2.5707006667569545
seg_83dc2e,9.101167098284055
seg_83ef67,8.959956257741592
seg_83f476,4.870012415488626
seg_83f89e,8.069043418300382
seg_83f928,8.824686978829053
seg_8456d3,3.4369199796925507
seg_845a2a,8.624663849027417
seg_8472f3,9.151666524132573
seg_848695,2.20153989166007
seg_84a65d,8.956000109660215
seg_84b9d9,4.353103086163369
seg_84c7fb,5.503826448820913
seg_84fc12,8.980084767903161
seg_8509db,5.591933650585631
seg_850d95,3.5715798408277566
seg_8515fd,4.898830659863764
seg_853302,8.16592268534484
seg_854d91,8.441953904852008
seg_857304,3.479802053910683
seg_85762d,6.712877585072993
seg_8599ec,2.63609227045326
seg_85c1c0,2.304714475335579
seg_85e90e,8.180491907551652
seg_85e9c6,7.88871366909014
seg_85fb0a,2.3224864231693476
seg_864fcf,2.1366782765554815
seg_8658b3,7.697496731814458
seg_86720f,7.622382087690605
seg_8681aa,8.321173528876933
seg_86892f,2.834609061221878
seg_868c85,6.353874682647355
seg_86cfe9,8.319463652088048
seg_86d847,8.93866372721629
seg_86e874,2.438852555589142
seg_87232d,5.511857379684533
seg_876904,7.290408593266996
seg_8773cf,2.1774076549814994
seg_8777bd,9.186149097440587
seg_8785e2,5.079844202454239
seg_878d2c,9.346790805658618
seg_87a616,2.4948390771359295
seg_87a67a,4.882892873384785
seg_87e4e8,2.147023790896406
seg_87f6c8,7.514593554044083
seg_8826f4,1.9069310856605406
seg_885f53,7.463222812428984
seg_8866f0,2.202819978120501
seg_88a81d,3.522523968172399
seg_88b289,9.160932314570037
seg_890181,6.580342312586221
seg_89791c,3.7511765916375284
seg_89885a,3.389564825414032
seg_899bf0,3.929016553015064
seg_89b090,1.8213445388884473
seg_89d8a0,3.3959698648644037
seg_89e207,5.43525760592243
seg_89eed6,2.7370131757650737
seg_89f975,2.2981111037697763
seg_8a3306,3.6658894381146987
seg_8a41bf,3.024834320713377
seg_8a6b0e,3.341339178344115
seg_8a7201,2.6237387633857936
seg_8a8220,6.328944131073711
seg_8a8375,7.515039700977408
seg_8ab3a7,2.093524310396974
seg_8ae847,4.4542632677101395
seg_8aeb99,8.619415299892097
seg_8b39c4,7.917984266459523
seg_8b798b,8.992308092996488
seg_8baeab,3.6476537071267563
seg_8bc20c,1.7234506063478414
seg_8bde47,8.956100230481642
seg_8be2da,6.479546193832812
seg_8be76c,1.834256201398576
seg_8bec6f,5.322180043684554
seg_8bf229,6.933604364640496
seg_8c0114,2.364682534953411
seg_8c1760,8.270992008194614
seg_8c1cca,3.35937888705424
seg_8c1e7d,2.5862369207891502
seg_8c341c,8.37443374356318
seg_8c6d4e,3.217141366481144
seg_8c6e34,2.5605858052894703
seg_8cd159,3.0886444949945497
seg_8cdf83,3.3725138413012496
seg_8ce632,2.4538641063790996
seg_8cf573,4.779496418622933
seg_8d030a,3.8511692648449967
seg_8d135f,8.035104392163486
seg_8d3a9d,7.133113059936939
seg_8d4435,4.162269538295447
seg_8d4965,6.34522078663934
seg_8d5113,6.140788909944092
seg_8d6578,2.8795761403657396
seg_8d6a7d,2.7043808218228014
seg_8da61a,6.615370700056647
seg_8db6f0,6.818045279156588
seg_8dcf3c,8.676114222662466
seg_8dd2ab,2.6182616126950418
seg_8dd3ba,3.6188238337159975
seg_8dfc7e,2.096313379147256
seg_8dfd7a,1.548071119046068
seg_8e5704,8.183803537609677
seg_8e6a3f,7.4236207532643945
seg_8e7194,5.025201237508284
seg_8e7fca,4.282847168704079
seg_8ebdea,9.01342510621415
seg_8f1127,2.1158561181502433
seg_8f25b0,9.13071748718604
seg_8f3247,6.818199119207063
seg_8f3dfe,4.782840740828025
seg_8f4654,5.226369053462517
seg_8f4781,2.840940049909873
seg_8f5589,6.9972603251157235
seg_8f592b,9.222393811257714
seg_8f6284,2.2423933081179905
seg_8fb0d0,5.274926171923104
seg_8fb29e,8.575636664865831
seg_8fb828,8.732754632182488
seg_8fc754,7.728782503352322
seg_8fd465,2.1087602887467645
seg_902074,7.640081699691511
seg_902bc1,7.221045167720703
seg_903aba,8.696483636470939
seg_907c52,5.584903470576574
seg_90a0be,2.0736663355679936
seg_90b174,1.7074993935761587
seg_90bf60,8.803297508442464
seg_90c258,9.190083491783495
seg_90e904,2.077447775013762
seg_90ec68,8.786468758017229
seg_90ef18,9.059037881391514
seg_911066,2.8851943066483567
seg_9122aa,2.819993681254582
seg_913ffc,4.8671875810391745
seg_914a62,2.504628276037038
seg_91596c,7.865708134114082
seg_915b3e,3.616379620687391
seg_91607c,3.163192157582176
seg_919a6a,1.7821877215586863
seg_919c5c,1.6481847361346667
seg_91bf8c,2.0748827423088114
seg_91cff2,2.314303950053654
seg_91eaeb,4.604667990497265
seg_91f512,3.1283512729302387
seg_91f664,3.269449887655673
seg_91fc29,4.136532252484069
seg_920132,8.06207744162008
seg_92092a,5.458751744295322
seg_922914,6.1409265065908105
seg_922990,4.307047126341156
seg_92310f,4.646514075595779
seg_929ded,5.824622583431278
seg_92a5f1,5.3762330481168
seg_92af10,8.382609996880877
seg_92b095,1.7835309175905074
seg_92bd37,4.850649870408523
seg_92be9f,5.4245656828814175
seg_931244,9.15749826832717
seg_93211c,7.134749495498494
seg_932828,8.919192731508868
seg_934087,2.7787512396875442
seg_939f5c,6.7591317556518575
seg_93d864,4.746988563259655
seg_93f935,2.6378614781050103
seg_941759,7.615736915855672
seg_943de0,9.248496123715658
seg_944c98,2.2624565770155924
seg_945bc8,3.1390576740415166
seg_946d71,9.16435722732906
seg_946d9a,4.278933242845765
seg_947700,4.610845273721017
seg_9485c0,2.8814397661737305
seg_94a133,4.64663310680582
seg_94aa0a,6.075183481293888
seg_94c48c,8.034369949442576
seg_94d150,2.323704161846681
seg_94d573,7.750580689066119
seg_94ecad,8.835964938293676
seg_950048,5.8587416406540775
seg_952faa,2.662627824661192
seg_95357d,3.5760999671820954
seg_95644e,5.63454052277505
seg_957ece,1.901396327451884
seg_95b321,2.268503855777207
seg_95f45e,7.776857481189086
seg_961d02,2.4563415145397633
seg_961ddf,2.316949893571235
seg_9626a4,1.9885155633438676
seg_96642e,3.0605705516037824
seg_966f3d,2.8029425861744097
seg_967ae4,7.843700097733691
seg_96cd5d,2.4244866245773142
seg_96dab2,8.607084974067254
seg_96db5e,5.3227804263202785
seg_96fa35,3.647153076530059
seg_970b35,3.4952461513926805
seg_970e86,7.937969850076499
seg_974049,3.2425885873238363
seg_9757ac,8.698666758599982
seg_979a8f,2.1600013342201096
seg_97a161,5.848214288920193
seg_97ad82,7.3845328161767725
seg_97d9ed,8.228609576164228
seg_97e4a9,8.812108356903943
seg_9802c3,4.468496063766641
seg_9825e0,6.580819878135841
seg_983778,8.966004895201758
seg_986976,5.724254749122115
seg_986b6e,8.68127951774234
seg_9872f9,3.7659486592788403
seg_988e69,1.8657365823872518
seg_98a819,5.890594869579656
seg_98be13,5.429132791863676
seg_98c0b6,2.089269677945193
seg_98c44d,2.113043655692595
seg_98c544,2.963945146193634
seg_98ebaa,8.5952289116397
seg_98f624,8.844504436815889
seg_9940e8,9.262303878517326
seg_996c37,9.260687705992726
seg_99ccbd,1.9592076140832184
seg_99f677,5.747425840158317
seg_99f76c,3.6238738689289236
seg_9a1a4f,5.071984341239038
seg_9a1c76,3.1321607818880435
seg_9a43ef,8.317526942192483
seg_9a6025,5.487641215349301
seg_9a74d8,4.923405857228517
seg_9a7c46,5.177134524235491
seg_9a7d1d,2.603548737044137
seg_9a812d,4.502663978325762
seg_9a81a3,6.506937954963159
seg_9a8a1f,2.232411789793814
seg_9a9041,6.604605000190054
seg_9a92db,4.9442317266987015
seg_9aa6e2,2.5542834181142404
seg_9ab405,2.1503189736716783
seg_9ad261,5.426611444133398
seg_9ad925,8.662390731231634
seg_9ae1a1,8.967130085825875
seg_9b0439,6.1545147784078615
seg_9b44d2,9.104865288847705
seg_9b7ef8,8.306997254481038
seg_9b7f93,4.042051538428722
seg_9bab11,9.177023955022724
seg_9bd388,6.374373310856828
seg_9bee43,1.8722138842537845
seg_9c00d7,8.723813946734266
seg_9c090f,1.9234325568571151
seg_9c2843,1.3102065948975299
seg_9c3d6a,8.545208707867548
seg_9c3ef8,6.494294822989521
seg_9c635d,9.131870250894229
seg_9c6715,1.851337847823094
seg_9c8162,5.576491332439921
seg_9c8bc8,4.4585001622121085
seg_9ca72e,2.293418308678004
seg_9caf50,8.68677907193045
seg_9cb464,3.7934319212207774
seg_9d1b26,3.9263430435678246
seg_9d1dbe,9.159542447886395
seg_9d2528,4.926820050275486
seg_9d3013,7.956876867944493
seg_9d452d,3.5870012627070564
seg_9d57a1,7.815724305738868
seg_9d68cf,2.193041944601471
seg_9d6ff0,3.3699214151713455
seg_9d7490,4.886053582639195
seg_9d79d4,3.814757308155481
seg_9dcae1,5.759624039635992
seg_9ddc99,6.4303081431412945
seg_9dea8d,7.068332015516319
seg_9df32d,2.829713545748061
seg_9e25e9,3.480520223315826
seg_9e3837,1.9772423848614842
seg_9e61da,1.9352416832031636
seg_9e7dff,3.2812592558554123
seg_9e8323,1.834403208113003
seg_9e8ca4,8.379267791434135
seg_9e962b,6.691310038220155
seg_9ee0aa,7.902316938203382
seg_9f042e,6.687503885667738
seg_9f12c6,3.1552617748311755
seg_9f22a0,8.004718257603436
seg_9f4fd4,8.922058942308686
seg_9f57c4,7.687270954461868
seg_9f6315,3.581896082526812
seg_9f7542,8.722019938337098
seg_9fc7c2,2.2820058283213562
seg_9fd9b8,5.515306199615003
seg_9fe8b9,6.527446773365509
seg_a00985,5.28722896206016
seg_a009e6,6.350456745003619
seg_a03e6a,2.7774282578267697
seg_a05c22,2.248144711051734
seg_a06228,6.692111310735062
seg_a0646a,1.4636423061993717
seg_a0979e,7.710913513936854
seg_a0a423,1.9516096404006924
seg_a11dd5,3.0702574553943953
seg_a12acb,2.997964434022536
seg_a133bc,3.599918316367064
seg_a14212,3.8032468807985595
seg_a16a1b,3.194963584210627
seg_a173d8,3.4715385892677375
seg_a18246,7.369174631994133
seg_a1a511,1.052621707254612
seg_a1acb2,4.664237427834945
seg_a1b3cc,4.07999354532094
seg_a1d8da,6.334639673840167
seg_a1e5b0,7.522101016565154
seg_a1edc1,2.567998309169627
seg_a247ac,8.455880019482606
seg_a25c46,2.5455106581474936
seg_a2986f,7.070500850263132
seg_a2c108,9.071165293784725
seg_a2d47d,4.341205450407285
seg_a2e2c8,2.367019186383355
seg_a2fd8b,3.818325164098828
seg_a31d6e,7.9134240678564876
seg_a31fe3,7.083337817703864
seg_a35c82,7.779587230553015
seg_a35e7c,8.711875052332921
seg_a39ebc,3.8701581863513823
seg_a39f3b,7.4252020243926085
seg_a39fa8,9.20014098729941
seg_a3ab46,4.521422717368644
seg_a3d4d6,2.749346909725147
seg_a41c2c,7.095316720102119
seg_a4208a,3.955843362542865
seg_a420d4,4.068275142149384
seg_a436bc,8.216288795836116
seg_a437cb,2.2056209099547717
seg_a45455,4.454774211434172
seg_a47cce,7.90414326164302
seg_a489e1,6.52718899604668
seg_a49ccc,3.5441945774046935
seg_a4ad7c,9.160431962131131
seg_a4e745,8.32322024934034
seg_a50d28,9.208906844046986
seg_a5271e,3.333559799315811
seg_a53e4c,5.318011555749223
seg_a543e5,7.869235154741787
seg_a55540,8.962286365978786
seg_a55a17,3.3246048679161375
seg_a56c04,4.765368501931165
seg_a58a6e,3.3064456864518887
seg_a5934a,8.924481301812154
seg_a5d37f,3.201374608112954
seg_a5dea6,8.972942804694714
seg_a5f4dd,4.9815354725006635
seg_a5fbcc,3.73436786883372
seg_a61e1c,4.147133066371561
seg_a63573,4.480414317237485
seg_a674d2,7.977103786696496
seg_a68007,2.9743993680471172
seg_a68ffb,6.5515553552388015
seg_a69246,9.246440314132707
seg_a6959c,8.246608705580732
seg_a6bf91,5.331760793974196
seg_a6c5cc,2.139215197728825
seg_a6cd86,3.8560962211954246
seg_a6e801,1.665176411750219
seg_a6e99c,2.1752124065376974
seg_a6eed3,2.143268932865721
seg_a704ee,6.679540243430384
seg_a7561c,1.8702310190081064
seg_a7b454,4.033058996277449
seg_a7d0eb,4.290996919569974
seg_a7e49b,6.559308038852114
seg_a80123,2.8940066213632316
seg_a802fa,8.651664970740521
seg_a80f6f,6.231590179792659
seg_a82229,7.502653591168899
seg_a84c13,3.532338607358966
seg_a86231,4.133325426525305
seg_a8685e,7.647927112314747
seg_a86a05,6.978178161238094
seg_a87e79,1.8252957555903848
seg_a88097,9.214270192809341
seg_a88dde,8.025772407878012
seg_a8bb2f,4.654617919464073
seg_a8ddf7,2.3788217344133367
seg_a8e6df,3.4721716965198413
seg_a8e71a,2.3937385314923114
seg_a9089b,2.1576044821074967
seg_a91c03,7.473130658638605
seg_a93a88,8.168985068189448
seg_a96b47,3.632042199566475
seg_a975df,2.686895455534171
seg_a99161,2.932162178561304
seg_a99799,3.3320060418130284
seg_a99be9,9.202977130831318
seg_a9a820,2.6571102846295878
seg_a9b957,4.812420218162875
seg_a9f80e,7.4630795025325884
seg_aa0180,2.2589040938853677
seg_aa1adf,3.9662251776197595
seg_aa508a,2.386335443569113
seg_aa78e0,6.002617081384256
seg_aa7a4b,6.668558061227064
seg_aa98cc,0.59900232102108
seg_aa9b8e,7.375653180027463
seg_aaa2ae,3.159237602052681
seg_aabc52,8.879421503914594
seg_aae025,8.151639209380772
seg_ab001b,4.337430383940315
seg_ab15ad,7.414699719134886
seg_ab2a78,2.098516260458834
seg_ab3f14,7.62787139691567
seg_ab4bca,1.8836954180028016
seg_ab644e,5.128150143279263
seg_ab70bd,6.953785124327538
seg_ab9654,9.295301829822245
seg_aba501,2.4780970159902647
seg_abaad2,7.895148884711425
seg_abb03a,4.381035610918682
seg_abb06a,6.204696741749488
seg_abc5fd,7.190864752429521
seg_abda04,8.735621093962695
seg_abeca6,9.01120502340629
seg_ac45ae,7.678375272471314
seg_ac5c61,8.961899621796295
seg_ac68bb,1.810613921393598
seg_ac9de5,2.40883102159572
seg_acd715,9.11557951043888
seg_acf2f4,8.438088748625745
seg_ad3a44,2.09881204371737
seg_ad3cf0,2.929875950281036
seg_ad591c,7.55267190223519
seg_ad759c,2.121651522170466
seg_ad82ca,5.744697200398684
seg_ad949a,3.113382498962789
seg_ada42c,3.74220940086893
seg_ada81a,9.040732537774362
seg_ade769,6.132099549614883
seg_adf94a,1.6895275636640412
seg_adf986,6.520154151608646
seg_ae32a6,6.160671106179224
seg_ae3388,7.2385601434874545
seg_ae3d92,4.252148986408737
seg_ae42b3,9.308559040983587
seg_ae9626,2.0393536096569327
seg_ae9761,9.130973882505419
seg_aec276,9.161834259611002
seg_aed434,6.588269791658739
seg_aee7c0,8.230027410173493
seg_aee9bf,3.4315747085862625
seg_aeeb31,2.4654495846904703
seg_af1650,1.4586581819311575
seg_af2472,2.23387074979449
seg_af6204,4.921535770751747
seg_af703b,9.184951607086601
seg_af959f,8.300216887806211
seg_afa4a1,7.814661149896592
seg_afadfb,6.2442636848006146
seg_afca81,2.836708015679398
seg_afd665,4.999928209807883
seg_b00f05,6.918620732361065
seg_b02e31,8.434628504093533
seg_b03de5,9.078886500400563
seg_b08e9d,9.235783453446107
seg_b0a794,2.2416981651213503
seg_b0bf65,2.237783240975989
seg_b0cf32,9.20880504648586
seg_b0d251,6.710782044090827
seg_b0f9cd,7.101212905983067
seg_b108c9,2.9867237856949806
seg_b13220,2.1867134178102043
seg_b13fb9,6.401676065148021
seg_b197e2,3.5362541520283357
seg_b1a35c,7.75768957946818
seg_b1b95e,3.6152461319352485
seg_b1fea8,2.860568722578152
seg_b20487,9.132867835999871
seg_b21273,5.0380175262538245
seg_b23489,3.46326485090997
seg_b253ee,2.0723774152539343
seg_b25dde,1.6092392226024987
seg_b26368,4.139903159924714
seg_b284b2,2.3421184065696243
seg_b291c0,3.3228813837652638
seg_b2b29d,7.5818040513947285
seg_b2b331,2.9147203024019386
seg_b2e045,4.091470917933096
seg_b31961,3.563706662920159
seg_b32d1d,3.035812719007034
seg_b35174,0.7080393921458709
seg_b36650,3.0621042864061963
seg_b36c8a,2.4875436203884145
seg_b378bc,1.9899646621842169
seg_b3883e,6.150631496059855
seg_b3cf21,4.447032713695736
seg_b3d886,3.529453208786981
seg_b402ac,6.187068276967882
seg_b41d3c,3.7721354147535164
seg_b42170,2.243064601939796
seg_b4402d,8.923506313400711
seg_b44c2e,7.751903958399966
seg_b47c19,5.636258244732361
seg_b4c040,2.573419956429792
seg_b4cb44,8.583783688335059
seg_b4f7a8,5.621336890092788
seg_b50239,2.469282588593703
seg_b51380,8.985151812654266
seg_b51b7c,5.162571405536239
seg_b52710,3.9109982392869185
seg_b52add,8.90470713619278
seg_b52dac,3.8173900967721424
seg_b54024,1.9624389319590787
seg_b568c6,7.424153072776425
seg_b57e76,5.728617641899049
seg_b5804a,2.3026065546826517
seg_b58542,3.250298177549465
seg_b5a447,7.194457969270485
seg_b5aee9,4.459091075563856
seg_b6254c,2.045320062033922
seg_b63de1,1.7661750905453566
seg_b64c9c,7.210533835865215
seg_b66b87,3.1564219871491903
seg_b686e5,1.427217358346882
seg_b687fc,2.8593956858558967
seg_b691c5,1.753296293001259
seg_b69455,8.771824058622293
seg_b695b3,3.302606004391568
seg_b6bdaa,6.515857556764262
seg_b6c10d,6.655814583256922
seg_b6cb2b,3.0132271183914145
seg_b72413,8.172076909581975
seg_b735a5,7.40274973872039
seg_b77bf5,9.190601491854482
seg_b782c7,7.625737172578225
seg_b78883,9.325153608346868
seg_b7a8a1,6.11166845259452
seg_b7b098,2.744746393267549
seg_b7da0a,2.5381404458447174
seg_b7eeb6,7.147126322943525
seg_b80358,8.718226629637638
seg_b80366,7.590603114991197
seg_b80b89,5.06065748435852
seg_b8141c,3.098176231042282
seg_b853c1,7.963799241411974
seg_b853f8,5.781086429340856
seg_b86ce1,3.985260820070409
seg_b8725b,1.819980607308608
seg_b8745c,8.58421448104802
seg_b87cf5,8.773245707667275
seg_b88baa,7.107830539237808
seg_b89218,9.01823761591783
seg_b89e47,1.9634438199939168
seg_b8b72f,4.014196377130011
seg_b8bb87,9.283870127537545
seg_b8fd73,9.06396700094193
seg_b91011,6.183534353101215
seg_b917b5,6.402093375797003
seg_b91ae2,2.4664987879275326
seg_b9361a,4.311660278712659
seg_b9365c,1.983425225380048
seg_b947ae,3.516903568396258
seg_b95010,3.0355344364080663
seg_b95a77,8.790089707107166
seg_b9619c,5.385530598077279
seg_b9ad7f,5.185381366681077
seg_b9bdd7,3.6518002051639846
seg_b9d8a0,7.248684388012796
seg_b9de03,4.056074742374799
seg_b9ec4b,3.31220322232384
seg_ba0485,8.740319604276099
seg_ba1d68,3.3466377816762796
seg_ba2c48,3.7261977488749927
seg_ba3c47,1.9589717323936178
seg_ba3e74,2.501942908815281
seg_ba4ea3,8.985713349253379
seg_ba5e7e,2.7345565932523836
seg_ba83da,5.233529846878153
seg_ba941e,8.02879512755214
seg_ba98dc,2.407778844030143
seg_ba9dbf,3.0128108059557386
seg_baa745,6.503121530174371
seg_bb171f,7.613286854825614
seg_bb180c,3.786443472239461
seg_bb2d77,1.9119064609877938
seg_bb5e15,2.555970736179153
seg_bb6904,2.4798925901425313
seg_bb6fcb,6.06002726331742
seg_bb92b1,5.321872959262796
seg_bbb01e,6.990935944354436
seg_bbbc30,2.7140284489681017
seg_bbf805,3.4046908960042304
seg_bbfd4e,9.201593643455277
seg_bc07c8,1.7535826710501652
seg_bc1d67,7.5269093021255316
seg_bc2186,6.631642652026388
seg_bc437b,8.545050450098456
seg_bca500,5.126434162030049
seg_bcc8f1,6.29517605692647
seg_bce23c,6.401148456329237
seg_bce305,4.848541003341687
seg_bcf2d9,4.018795595735549
seg_bcf6af,6.873696165762473
seg_bcfad6,5.171665359480483
seg_bd00c4,4.727554961625517
seg_bd2b0c,4.352285979445232
seg_bd31bf,5.304890809313503
seg_bd40f2,8.60820044229229
seg_bd4d30,5.362649178096193
seg_bd5022,1.861829814522754
seg_bd629b,4.00790354908513
seg_bd6f5f,9.017918714240016
seg_bd7109,5.158550264711601
seg_bdae02,9.121638602233784
seg_bdf84b,5.077180746389662
seg_be0cdc,2.632162274251326
seg_be0dfa,7.2692277024203005
seg_be19e2,7.553756466191312
seg_be30ce,5.0332175452348284
seg_be4612,8.611337829165475
seg_be62ef,6.482067040586388
seg_be65f2,2.0642358486266006
seg_be811d,2.08700787980785
seg_beb650,7.199283987713588
seg_beda44,4.848089370574536
seg_bee792,5.36913236868393
seg_bf1294,2.0645359623345376
seg_bf1430,5.689349535836792
seg_bf1a72,4.273579784627439
seg_bf2d1f,9.022602664070206
seg_bf4bf2,1.9403867276499025
seg_bf4ec0,6.410660832040776
seg_bf58ce,7.117491686693074
seg_bf7224,3.078452529570249
seg_bfdd14,1.4040205198276055
seg_bfe0b6,9.259806920838809
seg_bff05e,8.51025517499362
seg_bff392,2.5267312356872935
seg_c01a57,2.500325295870197
seg_c01d9a,9.025588883478594
seg_c01f63,7.812772503347442
seg_c0260d,6.460614623383411
seg_c047b7,4.322845896938561
seg_c05a7d,9.054650468075721
seg_c07b7c,4.5287010417868565
seg_c08d36,5.177784770242438
seg_c09a41,3.2509676742968074
seg_c0c0ed,5.181712895822645
seg_c0d7da,2.327397310431418
seg_c0e1b9,4.331343172283077
seg_c0ea9f,5.132623742384078
seg_c106ca,2.4425617657783887
seg_c10a58,8.132804399003394
seg_c11828,1.6988133258387002
seg_c11a4f,2.2499592748616397
seg_c12d7d,9.115613303079968
seg_c146a8,5.625919019564158
seg_c15d21,7.909717594647397
seg_c17817,2.3169029739528972
seg_c179f8,5.960381647500459
seg_c183e4,3.16890028576937
seg_c186dc,4.1483822877452505
seg_c18d5a,4.032118690957992
seg_c1fe9a,1.7753362277318652
seg_c20a27,4.261656365337087
seg_c20c06,1.8573954782787592
seg_c21723,4.05593467567095
seg_c21d60,4.861362571590908
seg_c22bd4,8.789215107532177
seg_c23429,3.2089740994172447
seg_c23641,3.852785282994455
seg_c243a6,1.6225504452168493
seg_c24946,3.6880052027810093
seg_c25855,9.051024585069152
seg_c267a5,3.4406919689992086
seg_c26fb4,2.066525814678407
seg_c27591,2.231359535150419
seg_c2a0c8,3.9069648711597793
seg_c2b8f7,4.163040298203784
seg_c3507f,5.234496618980298
seg_c35940,1.9783235576587443
seg_c365de,2.0024232938721105
seg_c3836b,2.9915309399485714
seg_c3f672,8.267216405911281
seg_c3f8d7,3.8728219195228872
seg_c41d1d,4.005508440402165
seg_c42490,3.4685938483041996
seg_c42952,6.207141958639523
seg_c44bbc,2.964212283428148
seg_c46ce6,2.6807715438617614
seg_c472cf,7.972094940962381
seg_c47bdc,6.57973057593729
seg_c4af54,2.7603161697075818
seg_c5064e,6.817912607499767
seg_c509ff,4.444228547570679
seg_c522f8,7.2668878753027055
seg_c5256d,5.768048979852373
seg_c52ae6,1.6898413705991444
seg_c5325c,9.066607461796185
seg_c550b1,8.868177651021247
seg_c565bd,3.9312916659441024
seg_c571ef,4.733812964795096
seg_c588c1,8.929725904967684
seg_c58ca5,6.522622220745919
seg_c5abaa,6.934882466474642
seg_c5c455,1.9156753931089514
seg_c5c6ea,5.49006238672196
seg_c5dada,4.59425112566372
seg_c5dee4,1.1517246835394948
seg_c5f986,2.8038079132722897
seg_c5fc3b,8.203444515047758
seg_c5fc87,4.073275606855343
seg_c607eb,2.1258680672458157
seg_c60dca,3.826123457926095
seg_c60f1d,2.2641829109882177
seg_c627fc,7.942844836304872
seg_c62a06,3.5850224920089326
seg_c65135,2.571563211042424
seg_c654e7,5.608443699396923
seg_c666dd,4.879787586526651
seg_c671f7,6.808230572749588
seg_c6b514,2.8648919930095444
seg_c6c29f,3.570185465450352
seg_c6f0a2,3.2561131921640714
seg_c6f533,2.9473483321770457
seg_c6f9c2,3.0546710075736505
seg_c703be,7.190284078061021
seg_c70fde,6.51223811953423
seg_c714d0,9.020726315596018
seg_c73df6,3.632412519984647
seg_c747ad,9.188614170384705
seg_c747b4,3.6248870543894776
seg_c7a3bc,2.435626470387087
seg_c7a401,3.5060262901122825
seg_c7a579,7.062467283847882
seg_c7b424,8.639466578827644
seg_c80857,0.4499812237952042
seg_c81e10,7.835760295928625
seg_c81fec,3.979845958758144
seg_c8459f,8.854062822535056
seg_c87c24,4.331287243466335
seg_c901c0,2.9943122336136767
seg_c90be5,8.966033833190293
seg_c9201c,2.1259894512383295
seg_c9481f,6.519037929484045
seg_c94941,1.7081651161998004
seg_c9831a,1.7181509528721353
seg_c9e533,7.606367036292807
seg_c9f80a,3.454100443465837
seg_ca2d1b,4.039182926888062
seg_ca407b,4.759423003396732
seg_ca44a8,2.965688494564721
seg_ca67ee,3.7291815726048014
seg_ca6d70,2.229543654609863
seg_ca8389,2.617468681602961
seg_ca88e3,8.808015690968563
seg_ca9e39,3.233466802809423
seg_caa919,4.606420475588355
seg_cacd0a,5.260117995776489
seg_cacd58,4.937790503281999
seg_cb0e21,8.636679679714502
seg_cb806c,3.81229093932251
seg_cbcce9,5.777110220175305
seg_cbfb19,6.624057591108067
seg_cc096e,9.082641781708414
seg_cc2c46,4.69878802283045
seg_cc2e9b,3.7069955153517213
seg_cc4199,8.876720833853735
seg_cc4932,8.438735770637253
seg_cc4950,2.9620372120967877
seg_cc667b,3.8183051002268913
seg_cc7a19,2.817944649813518
seg_cc7e39,7.98664673591149
seg_ccdc28,1.8098411107927865
seg_cd0691,2.3973558069777496
seg_cd2b34,4.8394377114310005
seg_cd2b53,1.448436312499954
seg_cd352f,9.109764441232667
seg_cd43b4,6.640665538642335
seg_cd699e,2.386071159110977
seg_cd9f9b,7.564403325979238
seg_cdadb5,8.860937561281986
seg_cdf88e,2.450664317237464
seg_ce00bb,5.1651155743930905
seg_ce46ba,2.8915938173927604
seg_ce472b,8.178698114579447
seg_ce5520,2.5243054698096383
seg_ce5832,3.2607887013719763
seg_ce72e2,3.0391905846990896
seg_ce7537,2.9938588730974987
seg_ce9f59,2.439453558571489
seg_cea185,4.128460788069816
seg_ceab44,7.009168088897853
seg_ceb942,2.6012222554595072
seg_cec2f2,5.961748511632909
seg_cecd29,5.880636044217113
seg_ced992,1.995788074619592
seg_cedf3e,8.550456783075477
seg_cee7d0,9.101052553699352
seg_cf0e43,5.133474022431619
seg_cf1371,2.4217703822734107
seg_cf25d2,3.584851757800114
seg_cf3825,1.878976683475095
seg_cf5764,7.415298322216569
seg_cf646e,6.017658987964365
seg_cf74e8,2.04359402562692
seg_cf9a49,4.825498416555981
seg_cfed24,1.9503618941420129
seg_cff594,1.94511224386351
seg_d014a3,9.32111983462581
seg_d0598e,3.3298661681557915
seg_d062a6,9.169637926755033
seg_d07c62,3.712331102209067
seg_d07ce8,9.17844905376827
seg_d098df,8.438467715883851
seg_d0c280,1.5356219013482073
seg_d0c8e2,3.128883781582994
seg_d0f262,5.1791525693929925
seg_d0f803,3.518477883734549
seg_d1045e,8.754648834443646
seg_d11ca8,8.039847137545028
seg_d14524,4.7319701942988885
seg_d146a6,1.5414911888673792
seg_d16534,7.6566714774637745
seg_d19980,8.2481473211715
seg_d1a281,4.545793706670518
seg_d1a2b9,2.4978360433038818
seg_d1a8b3,2.2538821735643415
seg_d1abaa,9.246979016878626
seg_d1b91e,6.891528060902313
seg_d1ca05,8.975304145539015
seg_d1cb37,9.205893779984292
seg_d1eee8,8.86427893793029
seg_d1fbb8,8.618073129617732
seg_d21066,4.893863005499149
seg_d21eb6,7.277589334272865
seg_d24095,8.411599986756494
seg_d247da,5.406866052117827
seg_d2551a,9.007806821941207
seg_d26f7d,9.12924971803061
seg_d27193,3.104098103635754
seg_d27812,3.6319741909666066
seg_d29a4b,4.651195861956788
seg_d2a533,5.366586548734596
seg_d2ad9a,2.2608016463344494
seg_d2cb02,5.569608498379513
seg_d2db6b,4.036527339086146
seg_d2f588,9.101340394891382
seg_d30a9d,2.1295518677019145
seg_d31583,8.94314999039339
seg_d320f5,3.4603449673922917
seg_d328bb,2.6047186126062227
seg_d32f71,4.351053649860153
seg_d32f8a,5.1349109120320495
seg_d35274,2.7598470602254297
seg_d356ab,2.955871187740118
seg_d35e50,5.980679058779217
seg_d36055,8.651105992538968
seg_d36342,7.304232727936655
seg_d36681,8.27140600592565
seg_d36737,3.393060365438786
seg_d37b05,6.681767409672378
seg_d39131,8.707957712868554
seg_d398df,5.11974976264405
seg_d3992e,8.792445102605853
seg_d3bb14,2.030231760967446
seg_d3d8fc,3.664765974667472
seg_d3f6b0,3.643861053926321
seg_d3f967,3.2190931333202477
seg_d40bb2,9.197816564428226
seg_d41daa,8.47126618235453
seg_d42c77,6.465705496615167
seg_d44589,4.051616708090192
seg_d47aba,2.2559066145438322
seg_d4c763,6.27642363410496
seg_d4dec8,6.547175427773854
seg_d4ea17,7.522368316131585
seg_d508db,5.063532307072519
seg_d516e3,8.288829986957431
seg_d56ae2,7.7897148940260905
seg_d56d32,7.821401209447847
seg_d59e4e,3.4919620461542933
seg_d5b100,2.544384602772921
seg_d5d3a1,4.4629450993539255
seg_d5dbc1,2.3401623163149536
seg_d5df41,7.2321334566643545
seg_d5f344,4.4697015375888105
seg_d60d18,4.193205705189287
seg_d62e9c,2.4040968322761627
seg_d63175,6.1482303191458545
seg_d661ce,2.7547361179623997
seg_d668c0,7.499596227834256
seg_d68930,8.728558029157474
seg_d693b0,8.655074281591256
seg_d6b198,4.396549019837641
seg_d6b386,7.266474624353059
seg_d6b546,7.561632589656071
seg_d6dad6,5.977783828977321
seg_d6ea73,3.2346960272400933
seg_d702b2,7.691038072786661
seg_d71352,9.19084474480022
seg_d740b2,8.71985501123413
seg_d753f8,2.1182606716512966
seg_d78093,3.4882520563232786
seg_d78e7d,1.385288754912272
seg_d795ab,7.069500934261001
seg_d7967e,9.048968878516995
seg_d7a805,7.327831626684798
seg_d7ab50,3.740519516024335
seg_d7f015,4.5797835698712275
seg_d7f53a,4.0792795085845555
seg_d8014d,5.400902509816005
seg_d83890,2.5151171893482873
seg_d85e2e,5.428179500885057
seg_d86eb6,2.6161341475624935
seg_d88da7,7.771505768286748
seg_d89369,2.3032722446990896
seg_d90c5f,2.2374131956185512
seg_d91492,7.399081684912358
seg_d9190c,4.23722465004747
seg_d9352b,6.603524479960152
seg_d962cc,9.074243846055426
seg_d9750c,4.134259050390251
seg_d9a2bb,3.4954087979582
seg_d9b162,6.4272179983469115
seg_d9bb68,6.531918913980472
seg_d9ce67,2.3658469111857157
seg_d9d0e4,5.054940866930705
seg_d9dab4,9.189755798410065
seg_da21ee,8.95501176987259
seg_da7c3b,7.646194080756101
seg_da80c4,8.546839186028977
seg_da8b88,4.469320461153572
seg_dab0f9,5.999700681962365
seg_dad4f2,6.705449450830838
seg_db3446,7.666669027909582
seg_db3a95,3.7347279992513465
seg_db3fbe,9.144599978919036
seg_db4185,4.330944873032999
seg_db606c,6.396886890880472
seg_db694a,5.50152560012096
seg_db6d5f,6.501211938099144
seg_db90c0,3.8786870482005518
seg_dbbb44,5.433839182953509
seg_dbc615,4.2156808953765434
seg_dbf3f2,2.7086939249961635
seg_dc188b,5.21190624981609
seg_dc1cf0,8.93062597899684
seg_dc23c0,8.748818467526453
seg_dc4698,3.53763307085005
seg_dc5e63,2.7632933416363703
seg_dc6e94,3.2020672091614144
seg_dc73b8,2.5840031313901752
seg_dc7e0d,2.0672320573761676
seg_dca2c2,8.9864676109703
seg_dcb51d,3.5902157674288224
seg_dcbe02,3.076563053366308
seg_dcd9df,1.8554356437775978
seg_dcee28,4.768610922269539
seg_dceeca,3.246547124522759
seg_dcf242,6.305100757763388
seg_dcfb4b,8.728319711023435
seg_dd0b11,1.857841856798715
seg_dd4594,3.7732557399010673
seg_dd699c,1.793905360524814
seg_dd780d,3.51752864158734
seg_dd8805,6.815687321045651
seg_ddbadc,8.845569601261039
seg_ddc800,8.732368916462065
seg_ddd206,6.546327005487653
seg_ddddf0,2.9259702785297477
seg_de225c,9.152612273316961
seg_de3237,8.58934728488456
seg_de3d5e,2.0381351003855213
seg_de4e1d,4.199385845230193
seg_de8180,2.102751379703439
seg_de98fa,2.1726289414178135
seg_de9e32,9.011162435436303
seg_df0df7,8.673619065336718
seg_df352f,3.1193861584997
seg_df45b0,6.955538828777307
seg_df8385,4.125362672965535
seg_df8e0a,7.019747693563548
seg_df99d4,3.7594286356656648
seg_dff078,5.418036351721696
seg_e00465,8.279537311479151
seg_e051bc,3.3737874363529343
seg_e05de2,2.324619519034519
seg_e067ab,7.681825310590848
seg_e09301,2.250130450615335
seg_e0c329,2.942616604944976
seg_e0ce38,7.588141813936261
seg_e0cfd4,6.1849389665940135
seg_e0f296,7.733187869091971
seg_e10d3b,8.640505669423641
seg_e13bd8,3.413546490871748
seg_e14149,6.126307904244582
seg_e1468f,9.186361582620004
seg_e15cb9,7.477123588564886
seg_e197b8,5.254322661506306
seg_e1a9e0,9.050482512074973
seg_e1daa0,5.820821350161635
seg_e1f045,5.137073785555857
seg_e1f081,8.558837117139356
seg_e20d76,3.4356571909049323
seg_e217fc,5.435231892011793
seg_e2209b,3.599901231939512
seg_e24496,8.139552653570144
seg_e24f69,4.840879965643412
seg_e256bd,2.270754451956307
seg_e25aca,4.4215044463762085
seg_e266f4,5.554749265273557
seg_e27c0a,2.742751649688459
seg_e29670,3.0208515012221198
seg_e2b8b1,8.96347814951001
seg_e2c82c,2.9936544851391678
seg_e3005e,2.180616149132326
seg_e30e44,2.3794676425228625
seg_e30ef5,2.9231929750843166
seg_e34052,2.91034548825404
seg_e37b8e,5.542847127393937
seg_e3b1f1,6.9160378207611135
seg_e3ca24,7.742306958682621
seg_e3cf1a,5.070592376765016
seg_e3d751,0.4367567003349044
seg_e3dafa,9.256189820608174
seg_e3e762,8.508571879049889
seg_e40348,5.720485508000598
seg_e405fe,2.495381557411322
seg_e40d64,8.40235003150131
seg_e41fc9,4.575237732979384
seg_e47d2b,3.9332782239087827
seg_e481c7,6.138668027145606
seg_e48c23,7.625012182187879
seg_e49750,4.919079455084383
seg_e4c15a,4.224030659331861
seg_e4f203,5.878548073465931
seg_e4f403,3.367030122063529
seg_e50f16,9.07353219633114
seg_e52f8c,5.012517661465047
seg_e53a52,3.747827007898118
seg_e54932,7.687926205672251
seg_e5750a,9.012256841704746
seg_e59dca,7.585468380274607
seg_e5b510,3.2110341939908267
seg_e5c033,6.417315851634918
seg_e5deec,2.0643234182935917
seg_e5e238,2.2495828060315084
seg_e5f9ec,8.207666665469052
seg_e5fbc1,1.4577419661342579
seg_e60719,8.98501321059966
seg_e6307f,7.907518993859375
seg_e64dfa,5.696630852386755
seg_e65e69,3.6942975622823395
seg_e66697,4.83151496223779
seg_e6b236,6.860211496818138
seg_e6bd3f,3.767967154174354
seg_e6c973,7.114756650157931
seg_e6e1df,2.1318805081978467
seg_e6e24e,7.0611798505606105
seg_e71dda,4.717342957732312
seg_e72f10,7.849976805262078
seg_e742dc,8.76337234052419
seg_e76e6e,3.310304463296403
seg_e7ac12,3.185627228185739
seg_e7ced6,8.0018434557364
seg_e7d1f8,2.6085959563958596
seg_e7d3e7,7.970523001393245
seg_e80726,5.272646747623254
seg_e81b50,4.854316144615092
seg_e8385f,9.085781290742466
seg_e85f55,1.6977700195014294
seg_e86e44,3.3053340014923265
seg_e86ed1,8.98738167735018
seg_e86f77,2.1021308807212384
seg_e877a5,5.1470653726183455
seg_e8a2c4,5.141068467840206
seg_e8a4f4,4.559412235872171
seg_e8ac98,1.929465383952018
seg_e8ad6b,4.423518110646032
seg_e8b2b3,7.625876787415265
seg_e8bcde,2.678126559010797
seg_e8ce6a,2.440204421520159
seg_e8d02f,2.415826927261853
seg_e90c0d,5.34606721873588
seg_e92526,3.3953654473643367
seg_e9272e,3.07698165442676
seg_e96140,3.444981062390312
seg_e98217,2.0159011962516007
seg_e9a09f,2.170091887077679
seg_e9aa44,8.820240599644546
seg_e9df42,8.198965641946282
seg_e9e65b,6.585206836237559
seg_ea0091,2.7595105080104574
seg_ea05c1,8.055648786820667
seg_ea096b,9.145857275788535
seg_ea098b,8.210007186298524
seg_ea4d3a,7.48921828651098
seg_ea78c0,6.260782897535064
seg_ea8270,8.28409927479455
seg_ea9d37,3.5398024104682264
seg_ea9fa4,9.174512879840526
seg_eaa0ec,6.74619681415612
seg_eabb2c,8.763496175907331
seg_eacccf,4.050939211053451
seg_ead30e,3.8589290349688787
seg_eb0b19,8.63170176705589
seg_eb1d6e,3.341818093527821
seg_eb2e11,5.6184165179298935
seg_eb32bc,1.6588972399315787
seg_eb47a9,2.268399257470027
seg_eb692c,9.314857747864597
seg_eb7595,3.834876116374237
seg_eb7f91,5.308923917713588
seg_eba22d,8.781150350998619
seg_ebb79f,5.97553110188956
seg_ebd77b,9.331593906227514
seg_ebe36c,4.333032842250619
seg_ebec3e,2.3753393765153157
seg_ec0e7b,7.25725506668755
seg_ec4645,4.691091085743535
seg_ec73d5,2.859983438475428
seg_ec973c,9.114621432635087
seg_eca2eb,3.8807954453868567
seg_ecaef0,7.2259962155922155
seg_eccb17,1.822544243652229
seg_ecdca4,2.7652005877198773
seg_ecf28d,6.646490953728502
seg_ecf81b,8.143492462084883
seg_ed07b0,3.4731954137950125
seg_ed3e4c,7.281720617907501
seg_ed52ac,8.899492496822855
seg_ed7741,8.641752578847946
seg_ed7dee,4.55699179455466
seg_ed7f69,3.4405850939708422
seg_edda79,6.459167642026079
seg_edecaa,5.269050342929897
seg_ee1cfc,3.110453335910369
seg_ee2781,8.579460171581092
seg_ee4479,2.491874664512433
seg_ee4ae5,1.811120447077401
seg_ee7224,2.554958357190853
seg_ee87e2,3.136353100271612
seg_ee8f87,3.3577136877082436
seg_eea20e,8.504736245127479
seg_eebbc2,4.776362050256114
seg_eee89d,3.2111057297454053
seg_eefd4a,2.2331344619409688
seg_ef24bd,3.798563507349203
seg_ef27c8,2.858633556323456
seg_ef47c4,8.479978096927997
seg_ef644a,6.5443436266089545
seg_ef660a,8.080937852790703
seg_ef74dc,6.239445844162146
seg_ef779d,3.93786673787604
seg_ef9105,9.13939981660121
seg_efb639,7.653880613942825
seg_efbf3e,5.744230070728489
seg_efc5fb,8.5294027947197
seg_efd9ec,8.453172737554464
seg_f003ca,7.691027827763088
seg_f01368,5.390687533080404
seg_f0181d,2.608786339315988
seg_f02d32,6.1695838059684345
seg_f056d8,3.715090653700605
seg_f0574b,3.2223822354720184
seg_f073e2,5.403386103858153
seg_f0ce4a,2.690137821243276
seg_f0cedb,8.090029271945614
seg_f0d278,1.8463090102832111
seg_f0db55,1.7510102865287003
seg_f11620,3.9616277673319034
seg_f11f77,4.087275243052666
seg_f165f6,1.9451546909912978
seg_f19f8e,8.135735828112775
seg_f1a771,2.169667687433927
seg_f1b916,2.1101962145494553
seg_f1f5b9,3.765298400497488
seg_f21a22,3.585697238758498
seg_f21bf4,5.819399482616172
seg_f22163,8.879822682433467
seg_f229bf,5.557977897568319
seg_f24292,4.355100569095404
seg_f2750c,5.458130260158109
seg_f2a20d,2.8134230048847413
seg_f2ae5e,5.581809900401799
seg_f2b0c5,1.9977562830375635
seg_f2cb5e,3.1152307939655257
seg_f2f5a3,1.6260107277402749
seg_f3063a,5.793941686029572
seg_f30b2f,6.5395504167505605
seg_f30f0c,7.6172387358572236
seg_f322b1,6.294350915192717
seg_f342a3,4.478769524337087
seg_f34877,7.386940098891694
seg_f383fb,3.560211255013704
seg_f3c578,2.6651068035398855
seg_f43730,6.6132813050056685
seg_f43ab6,2.046967052601981
seg_f455bc,9.060205560351234
seg_f46cc1,2.7737792370060337
seg_f48363,3.1286420928392444
seg_f48db9,4.136853293586087
seg_f4ad4b,3.972982921907699
seg_f4d644,2.3171931830838166
seg_f52cdc,8.727738840247113
seg_f5406b,3.8500240294920447
seg_f579ba,2.3403241937267203
seg_f57ca1,9.06547772772426
seg_f59974,8.476384599428382
seg_f5a4ee,9.24215259714048
seg_f5a6ab,7.5339366210221765
seg_f5d2dd,9.027223895309175
seg_f5e682,2.1223336064712415
seg_f60872,5.773420802178029
seg_f618a8,7.97202913981572
seg_f61b0e,5.43308920022632
seg_f639cd,8.491528680250653
seg_f639ec,5.265650186260383
seg_f650cc,2.237259938554422
seg_f6659e,3.185107565366327
seg_f66db1,7.316051032024012
seg_f679c6,8.353516083031375
seg_f67ce2,1.9102623774005536
seg_f6828d,1.8676581846867695
seg_f69c38,3.646896980245497
seg_f6a217,3.560381152307803
seg_f6abc5,8.560009082869238
seg_f6b70c,7.441970624748909
seg_f6bae8,5.396412050032794
seg_f6c0cb,3.198887234402359
seg_f6c928,7.722664568104554
seg_f6cfd4,8.281979968743286
seg_f6d51b,1.9929559407403281
seg_f6e1ca,2.9031194116036176
seg_f6e89f,7.798878422638472
seg_f6f523,2.5468816510260863
seg_f6f683,4.193256887591444
seg_f7050a,3.278643812284842
seg_f70b66,5.530990489903081
seg_f71db8,6.651126636965398
seg_f7290f,3.6959316137907856
seg_f734c8,8.582381124178216
seg_f741af,3.531896220675455
seg_f77ee5,9.203646609024537
seg_f7d792,1.468086850697495
seg_f7de40,8.338484524853396
seg_f80e44,4.598250463583581
seg_f83d28,3.100411085540824
seg_f865be,2.2911214997498965
seg_f86c41,3.481817963747632
seg_f88d4a,4.483789762366326
seg_f8db0a,2.241249465581464
seg_f8dd7e,4.6643867243604245
seg_f931de,4.388484816910442
seg_f93ce5,2.423399985785835
seg_f95fd3,7.883723810205334
seg_f96d0e,3.1204703911330727
seg_f96d5a,7.1570715656247845
seg_f97274,3.4583936546550986
seg_f99b64,6.358761803697999
seg_f9e4f2,9.07386240584467
seg_f9eea3,4.5679396827262355
seg_fa0ac7,6.0690082440268025
seg_fa34c7,8.060031866188087
seg_fa488e,2.070402623338629
seg_fa4df0,3.949440952315809
seg_fa6383,6.664341504503701
seg_fa796b,3.33458258712635
seg_fa9f00,4.39875558996341
seg_fad815,4.158879906722293
seg_fb00b3,9.310798818386562
seg_fb11ba,6.533465727047313
seg_fb1f5c,8.466668700745164
seg_fb4c26,3.3893352305284865
seg_fb74f0,6.851962964826738
seg_fb76ca,6.051740593255181
seg_fb8af5,2.4440479370198522
seg_fb9491,4.329034161655512
seg_fb9b2e,8.135661841379417
seg_fbce13,2.5795550226992594
seg_fbd66b,3.6733410885165774
seg_fbddb9,8.765915049274152
seg_fbe3c2,5.227736217549284
seg_fbf17a,8.438339094344123
seg_fbff25,2.2226823253793215
seg_fc407c,4.323594849492901
seg_fc57d4,1.9689665622437698
seg_fc8fd6,2.39280904947982
seg_fcb7d0,9.065543548916574
seg_fcca66,3.751057704975947
seg_fcd32e,6.172722479664479
seg_fd19b8,8.975151602195947
seg_fd374e,5.170801592426502
seg_fd6340,3.3800430545424796
seg_fd8add,6.354624699075961
seg_fd9ac1,3.774097372014939
seg_fdba93,3.5902992588673586
seg_fdc1d4,3.2206790611195837
seg_fdd50e,1.1314587976503439
seg_fde767,5.808758160552386
seg_fde86d,7.378164524602097
seg_fdff11,1.694574749962611
seg_fe2aac,3.5122650024253503
seg_fe5945,2.2173435521971134
seg_fe70c0,7.228993623420595
seg_fe73b1,8.811275908821749
seg_fe86f5,5.542528894606657
seg_fea3e2,8.400792909508997
seg_feb312,7.2055274338641055
seg_fedbd1,8.22912119672101
seg_ff0f1b,2.1904085274322873
seg_ff1a62,8.605388289274643
seg_ff2f2d,5.640680705996384
seg_ff4236,3.8932096643446656
seg_ff7478,6.117535423409697
seg_ff79d9,2.4816076748772535
seg_ffbd6a,1.8824368973975278
seg_ffe7cc,9.00066243642495
